{
  "annotations": {
    "list": [
      {
        "builtIn": 1,
        "datasource": {
          "type": "datasource",
          "uid": "grafana"
        },
        "enable": true,
        "hide": true,
        "iconColor": "rgba(0, 211, 255, 1)",
        "name": "Annotations & Alerts",
        "target": {
          "limit": 100,
          "matchAny": false,
          "tags": [],
          "type": "dashboard"
        },
        "type": "dashboard"
      }
    ]
  },
  "description": "",
  "editable": true,
  "fiscalYearStartMonth": 0,
  "graphTooltip": 0,
  "id": 8,
  "links": [
    {
      "asDropdown": true,
      "icon": "external link",
      "includeVars": true,
      "keepTime": true,
      "tags": [
        "cloudscale"
      ],
      "targetBlank": false,
      "title": "Related Dashboards",
      "tooltip": "",
      "type": "dashboards",
      "url": ""
    }
  ],
  "liveNow": false,
  "panels": [
    {
      "collapsed": false,
      "datasource": {
        "type": "prometheus",
        "uid": "${ClusterName}"
      },
      "gridPos": {
        "h": 1,
        "w": 24,
        "x": 0,
        "y": 0
      },
      "id": 158,
      "panels": [],
      "targets": [
        {
          "datasource": {
            "type": "prometheus",
            "uid": "${ClusterName}"
          },
          "refId": "A"
        }
      ],
      "title": "System Health Dashboard",
      "type": "row"
    },
    {
      "datasource": {
        "type": "prometheus",
        "uid": "${ClusterName}"
      },
      "description": "Helps to identify service \"up\" anomalies during the reporting period.  (e.g. a change in running copies)",
      "fieldConfig": {
        "defaults": {
          "color": {
            "mode": "thresholds"
          },
          "mappings": [
            {
              "options": {
                "0": {
                  "index": 1,
                  "text": " Normal"
                }
              },
              "type": "value"
            },
            {
              "options": {
                "from": 1,
                "result": {
                  "color": "super-light-yellow",
                  "index": 0,
                  "text": "...Restarted"
                },
                "to": 1000
              },
              "type": "range"
            }
          ],
          "thresholds": {
            "mode": "absolute",
            "steps": [
              {
                "color": "blue",
                "value": null
              },
              {
                "color": "green",
                "value": 0
              },
              {
                "color": "super-light-yellow",
                "value": 1
              }
            ]
          },
          "unit": "none"
        },
        "overrides": []
      },
      "gridPos": {
        "h": 4,
        "w": 24,
        "x": 0,
        "y": 1
      },
      "id": 160,
      "maxDataPoints": 100,
      "options": {
        "colorMode": "background",
        "graphMode": "none",
        "justifyMode": "center",
        "orientation": "vertical",
        "reduceOptions": {
          "calcs": [
            "changeCount"
          ],
          "fields": "",
          "values": false
        },
        "text": {
          "titleSize": 25,
          "valueSize": 20
        },
        "textMode": "value_and_name"
      },
      "pluginVersion": "9.2.4",
      "targets": [
        {
          "datasource": {
            "type": "prometheus",
            "uid": "${ClusterName}"
          },
          "editorMode": "code",
          "exemplar": true,
          "expr": "sum by (job)  (up unless {job=\"Metadata-Cache\"})",
          "format": "time_series",
          "interval": "",
          "legendFormat": "{{job}}",
          "range": true,
          "refId": "A"
        }
      ],
      "timeFrom": "24h",
      "title": "Service Uptime Status",
      "transformations": [],
      "type": "stat"
    },
    {
      "datasource": {
        "type": "prometheus",
        "uid": "${ClusterName}"
      },
      "description": "The largest number of partitions in a node. ",
      "fieldConfig": {
        "defaults": {
          "color": {
            "mode": "thresholds"
          },
          "mappings": [
            {
              "options": {
                "from": 0,
                "result": {
                  "color": "green",
                  "index": 0,
                  "text": "Normal"
                },
                "to": 1000
              },
              "type": "range"
            },
            {
              "options": {
                "from": 1000,
                "result": {
                  "color": "super-light-yellow",
                  "index": 1,
                  "text": "Partition count is high. More nodes are required soon."
                },
                "to": 1500
              },
              "type": "range"
            },
            {
              "options": {
                "from": 1500,
                "result": {
                  "color": "light-red",
                  "index": 2,
                  "text": "IMPORTANT: Partition count is very high. Add more nodes."
                },
                "to": 2500
              },
              "type": "range"
            },
            {
              "options": {
                "from": 2500,
                "result": {
                  "color": "semi-dark-red",
                  "index": 3,
                  "text": "WARNING: Partition count is extremely high. Add more nodes immediately. "
                },
                "to": 1000000
              },
              "type": "range"
            }
          ],
          "min": 0,
          "thresholds": {
            "mode": "absolute",
            "steps": [
              {
                "color": "blue",
                "value": null
              }
            ]
          },
          "unit": "short"
        },
        "overrides": []
      },
      "gridPos": {
        "h": 7,
        "w": 4,
        "x": 0,
        "y": 5
      },
      "id": 232,
      "links": [
        {
          "targetBlank": true,
          "title": "Check details at Dashboard 6: Services Health",
          "url": "/d/hcpcsdashboard6/hcp-for-cloud-scale-dashboard-6-services-health"
        }
      ],
      "maxDataPoints": 2,
      "options": {
        "colorMode": "background",
        "graphMode": "none",
        "justifyMode": "auto",
        "orientation": "vertical",
        "reduceOptions": {
          "calcs": [
            "lastNotNull"
          ],
          "fields": "/^Max$/",
          "values": false
        },
        "text": {
          "titleSize": 20,
          "valueSize": 20
        },
        "textMode": "value"
      },
      "pluginVersion": "9.2.4",
      "targets": [
        {
          "datasource": {
            "type": "prometheus",
            "uid": "${ClusterName}"
          },
          "editorMode": "code",
          "exemplar": true,
          "expr": "max(mcs_partitions_per_instance)",
          "interval": "",
          "legendFormat": "",
          "range": true,
          "refId": "A"
        }
      ],
      "title": "Database Partitions Per Node",
      "transformations": [
        {
          "id": "reduce",
          "options": {
            "reducers": [
              "max"
            ]
          }
        }
      ],
      "type": "stat"
    },
    {
      "datasource": {
        "type": "prometheus",
        "uid": "${ClusterName}"
      },
      "description": "Ratio of Average number of objects per partition vs max number of objects in any ONE partitions",
      "fieldConfig": {
        "defaults": {
          "color": {
            "mode": "palette-classic"
          },
          "custom": {
            "hideFrom": {
              "legend": false,
              "tooltip": false,
              "viz": false
            }
          },
          "decimals": 1,
          "mappings": [
            {
              "options": {
                "from": 50,
                "result": {
                  "color": "light-yellow",
                  "index": 0
                },
                "to": 100
              },
              "type": "range"
            }
          ],
          "max": 100,
          "min": 0,
          "unit": "decbytes"
        },
        "overrides": [
          {
            "matcher": {
              "id": "byName",
              "options": "USED"
            },
            "properties": [
              {
                "id": "color",
                "value": {
                  "fixedColor": "super-light-yellow",
                  "mode": "fixed"
                }
              }
            ]
          },
          {
            "matcher": {
              "id": "byName",
              "options": "AVAIL"
            },
            "properties": [
              {
                "id": "color",
                "value": {
                  "fixedColor": "green",
                  "mode": "fixed"
                }
              }
            ]
          }
        ]
      },
      "gridPos": {
        "h": 7,
        "w": 8,
        "x": 4,
        "y": 5
      },
      "id": 55,
      "links": [
        {
          "targetBlank": true,
          "title": "Check details at Dashboard 5: System Capacity",
          "url": "/d/hcpcsdashboard5/hcp-for-cloud-scale-dashboard-5-system-capacity"
        }
      ],
      "options": {
        "displayLabels": [
          "percent"
        ],
        "legend": {
          "displayMode": "list",
          "placement": "bottom",
          "showLegend": true,
          "values": [
            "value"
          ]
        },
        "pieType": "donut",
        "reduceOptions": {
          "calcs": [
            "lastNotNull"
          ],
          "fields": "",
          "values": false
        },
        "tooltip": {
          "mode": "single",
          "sort": "none"
        }
      },
      "pluginVersion": "8.0.3",
      "targets": [
        {
          "datasource": {
            "type": "prometheus",
            "uid": "${ClusterName}"
          },
          "exemplar": true,
          "expr": "sum (sum by (instance) (metadata_used_capacity_bytes{}))",
          "hide": false,
          "interval": "",
          "legendFormat": "USED",
          "refId": "B"
        },
        {
          "datasource": {
            "type": "prometheus",
            "uid": "${ClusterName}"
          },
          "exemplar": true,
          "expr": "sum (sum by (instance) (metadata_available_capacity_bytes{}))",
          "hide": false,
          "interval": "",
          "legendFormat": "AVAIL",
          "refId": "A"
        }
      ],
      "title": "Metadata Space Used / Available",
      "transformations": [
        {
          "id": "reduce",
          "options": {
            "reducers": []
          }
        }
      ],
      "type": "piechart"
    },
    {
      "datasource": {
        "type": "prometheus",
        "uid": "${ClusterName}"
      },
      "description": "",
      "fieldConfig": {
        "defaults": {
          "color": {
            "mode": "palette-classic"
          },
          "custom": {
            "hideFrom": {
              "legend": false,
              "tooltip": false,
              "viz": false
            }
          },
          "decimals": 1,
          "mappings": [
            {
              "options": {
                "match": "null+nan",
                "result": {
                  "color": "super-light-yellow",
                  "index": 0,
                  "text": "Unavailable - Check Management API section for Storage Components in Object Storage Management UI"
                }
              },
              "type": "special"
            }
          ],
          "max": 100,
          "min": 0,
          "noValue": "No Data",
          "unit": "decbytes"
        },
        "overrides": []
      },
      "gridPos": {
        "h": 7,
        "w": 8,
        "x": 12,
        "y": 5
      },
      "id": 6,
      "links": [
        {
          "targetBlank": true,
          "title": "Check details at Dashboard 6: System Capacity",
          "url": "/d/hcpcsdashboard5/hcp-for-cloud-scale-dashboard-5-system-capacity"
        }
      ],
      "options": {
        "displayLabels": [
          "percent"
        ],
        "legend": {
          "displayMode": "list",
          "placement": "bottom",
          "showLegend": true,
          "values": [
            "value"
          ]
        },
        "pieType": "donut",
        "reduceOptions": {
          "calcs": [
            "lastNotNull"
          ],
          "fields": "",
          "values": false
        },
        "tooltip": {
          "mode": "single",
          "sort": "none"
        }
      },
      "pluginVersion": "8.0.5",
      "targets": [
        {
          "datasource": {
            "type": "prometheus",
            "uid": "${ClusterName}"
          },
          "exemplar": true,
          "expr": "sum(storage_used_capacity_bytes{store=\"aggregate\"})",
          "hide": false,
          "interval": "",
          "legendFormat": "USED",
          "refId": "A"
        },
        {
          "datasource": {
            "type": "prometheus",
            "uid": "${ClusterName}"
          },
          "exemplar": true,
          "expr": "sum(storage_available_capacity_bytes{store=\"aggregate\"})",
          "hide": false,
          "interval": "",
          "legendFormat": "AVAIL",
          "refId": "B"
        },
        {
          "datasource": {
            "type": "prometheus",
            "uid": "${ClusterName}"
          },
          "exemplar": true,
          "expr": "sum(storage_total_capacity_bytes{store=\"aggregate\"})",
          "hide": true,
          "interval": "",
          "legendFormat": "TOTAL",
          "refId": "C"
        }
      ],
      "title": "S-node Capacity Used / Available",
      "transformations": [
        {
          "id": "filterByValue",
          "options": {
            "filters": [
              {
                "config": {
                  "id": "isNull",
                  "options": {}
                },
                "fieldName": "USED"
              },
              {
                "config": {
                  "id": "isNull",
                  "options": {}
                },
                "fieldName": "AVAIL"
              },
              {
                "config": {
                  "id": "isNull",
                  "options": {}
                },
                "fieldName": "TOTAL"
              }
            ],
            "match": "any",
            "type": "exclude"
          }
        }
      ],
      "type": "piechart"
    },
    {
      "datasource": {
        "type": "prometheus",
        "uid": "${ClusterName}"
      },
      "description": "The undeleted objects backlog is high (over 1 Billion objects). Check Dashboard 6 - Data Lifecycle - DELETE_BACKEND_OBJECTS policy. Read HCP for Cloud Scale Administrator Guide for more details.",
      "fieldConfig": {
        "defaults": {
          "color": {
            "mode": "thresholds"
          },
          "mappings": [
            {
              "options": {
                "0": {
                  "color": "text",
                  "index": 5,
                  "text": "No Data"
                }
              },
              "type": "value"
            },
            {
              "options": {
                "match": "null+nan",
                "result": {
                  "color": "super-light-yellow",
                  "index": 0,
                  "text": "Unavailable - Check Management API section for Storage Components in Object Storage Management UI"
                }
              },
              "type": "special"
            },
            {
              "options": {
                "from": 1,
                "result": {
                  "color": "green",
                  "index": 1,
                  "text": "Normal"
                },
                "to": 100000000
              },
              "type": "range"
            },
            {
              "options": {
                "from": 1000000001,
                "result": {
                  "color": "yellow",
                  "index": 2,
                  "text": "Very high delete backlog (>1 billion objects and parts). For more information, see the description for this panel in Administration Guide."
                },
                "to": 1000000000000
              },
              "type": "range"
            },
            {
              "options": {
                "from": -1e+31,
                "result": {
                  "color": "super-light-blue",
                  "index": 3,
                  "text": "No Data"
                },
                "to": -1
              },
              "type": "range"
            },
            {
              "options": {
                "from": 1000000001,
                "result": {
                  "color": "super-light-yellow",
                  "index": 4,
                  "text": "Delete backlog is over 100 million objects and parts. For more information, see the description for this panel in Administration Guide."
                },
                "to": 1000000000
              },
              "type": "range"
            }
          ],
          "thresholds": {
            "mode": "absolute",
            "steps": [
              {
                "color": "text",
                "value": null
              },
              {
                "color": "green",
                "value": 1
              },
              {
                "color": "#EAB839",
                "value": 1000000000
              }
            ]
          },
          "unit": "short"
        },
        "overrides": []
      },
      "gridPos": {
        "h": 5,
        "w": 4,
        "x": 20,
        "y": 5
      },
      "id": 267,
      "maxDataPoints": 1,
      "options": {
        "colorMode": "background",
        "graphMode": "none",
        "justifyMode": "auto",
        "orientation": "auto",
        "reduceOptions": {
          "calcs": [
            "lastNotNull"
          ],
          "fields": "",
          "values": false
        },
        "text": {
          "titleSize": 20,
          "valueSize": 20
        },
        "textMode": "auto"
      },
      "pluginVersion": "9.2.4",
      "targets": [
        {
          "datasource": {
            "type": "prometheus",
            "uid": "${ClusterName}"
          },
          "editorMode": "code",
          "exemplar": true,
          "expr": "(sum(storage_total_objects{store=\"aggregate\"}) - sum(metadata_clientobject_part_active_count)) * (count(sum(lifecycle_policy_rekey_initiated_count_total OR on() vector(0)) ==0) + (count(sum(lifecycle_policy_rekey_initiated_count_total) > 1) OR on() vector(0)) )",
          "format": "time_series",
          "hide": false,
          "instant": false,
          "interval": "",
          "legendFormat": "",
          "refId": "D"
        },
        {
          "datasource": {
            "type": "prometheus",
            "uid": "${ClusterName}"
          },
          "editorMode": "code",
          "exemplar": true,
          "expr": "(sum(storage_total_objects{store=\"aggregate\"}) - sum(metadata_clientobject_part_active_count))",
          "format": "time_series",
          "hide": true,
          "instant": false,
          "interval": "",
          "legendFormat": "",
          "refId": "C"
        }
      ],
      "title": "Undeleted objects backlog",
      "transformations": [],
      "type": "stat"
    },
    {
      "datasource": {
        "type": "prometheus",
        "uid": "${ClusterName}"
      },
      "description": "Checks if you should consider Bucket Expiration Lifecycle policy. ",
      "fieldConfig": {
        "defaults": {
          "color": {
            "mode": "thresholds"
          },
          "decimals": 0,
          "mappings": [
            {
              "options": {
                "0": {
                  "color": "green",
                  "index": 2,
                  "text": "Not Required"
                },
                "-Infinity": {
                  "color": "light-blue",
                  "index": 0,
                  "text": "No Data"
                }
              },
              "type": "value"
            },
            {
              "options": {
                "match": "null+nan",
                "result": {
                  "color": "super-light-blue",
                  "index": 1,
                  "text": "No Data"
                }
              },
              "type": "special"
            },
            {
              "options": {
                "from": 1,
                "result": {
                  "color": "green",
                  "index": 3,
                  "text": "Not Required"
                },
                "to": 1000
              },
              "type": "range"
            },
            {
              "options": {
                "from": 1001,
                "result": {
                  "color": "yellow",
                  "index": 4,
                  "text": "Consider setting Bucket Expiration Lifecycle policy"
                },
                "to": 1000000000000000000
              },
              "type": "range"
            }
          ],
          "max": 0,
          "min": 0,
          "thresholds": {
            "mode": "absolute",
            "steps": [
              {
                "color": "blue",
                "value": null
              }
            ]
          },
          "unit": "short"
        },
        "overrides": []
      },
      "gridPos": {
        "h": 4,
        "w": 4,
        "x": 20,
        "y": 10
      },
      "id": 274,
      "links": [
        {
          "title": "Check the list of buckets for Expiration policy consideration on Dashboard 4: Buckets stats and activity",
          "url": "/d/hcpcsdashboard4/hcp-for-cloud-scale-dashboard-4-buckets-stats-and-activity"
        }
      ],
      "options": {
        "colorMode": "background",
        "graphMode": "area",
        "justifyMode": "auto",
        "orientation": "auto",
        "reduceOptions": {
          "calcs": [
            "lastNotNull"
          ],
          "fields": "",
          "values": false
        },
        "text": {
          "titleSize": 20,
          "valueSize": 20
        },
        "textMode": "auto"
      },
      "pluginVersion": "9.2.4",
      "targets": [
        {
          "datasource": {
            "type": "prometheus",
            "uid": "${ClusterName}"
          },
          "editorMode": "code",
          "exemplar": true,
          "expr": "max(http_s3_servlet_delete_requests_per_bucket_total{delete_type=\"latest\"})",
          "interval": "",
          "legendFormat": "",
          "range": true,
          "refId": "A"
        }
      ],
      "title": "Bucket Expiration Lifecycle Considerations",
      "type": "stat"
    },
    {
      "datasource": {
        "type": "prometheus",
        "uid": "${ClusterName}"
      },
      "description": "This panel shows the DB partitions protection level: Healthy, Degraded, Unprotected (Failures Detected),  and Overprotected. \nRead HCP for Cloud Scale Administrator Guide for more details.",
      "fieldConfig": {
        "defaults": {
          "links": [
            {
              "targetBlank": true,
              "title": "Link to Services health Dashboard",
              "url": "/d/hcpcsdashboard6/hcp-for-cloud-scale-dashboard-6-services-health"
            }
          ],
          "mappings": [
            {
              "options": {
                "0": {
                  "color": "blue",
                  "index": 6,
                  "text": "No Data"
                },
                "1": {
                  "color": "green",
                  "index": 0,
                  "text": "Healthy"
                }
              },
              "type": "value"
            },
            {
              "options": {
                "from": 2,
                "result": {
                  "color": "light-green",
                  "index": 1,
                  "text": "Healthy"
                },
                "to": 3
              },
              "type": "range"
            },
            {
              "options": {
                "from": 100,
                "result": {
                  "color": "orange",
                  "index": 2,
                  "text": "Degraded"
                },
                "to": 999
              },
              "type": "range"
            },
            {
              "options": {
                "from": 1000,
                "result": {
                  "color": "red",
                  "index": 3,
                  "text": "Failures Detected - Unprotected"
                },
                "to": 100000
              },
              "type": "range"
            },
            {
              "options": {
                "from": 10,
                "result": {
                  "color": "super-light-yellow",
                  "index": 4,
                  "text": "Overprotected"
                },
                "to": 99
              },
              "type": "range"
            },
            {
              "options": {
                "from": 4,
                "result": {
                  "color": "light-blue",
                  "index": 5,
                  "text": "Unknown"
                },
                "to": 9
              },
              "type": "range"
            }
          ],
          "min": 0,
          "thresholds": {
            "mode": "absolute",
            "steps": [
              {
                "color": "blue",
                "value": null
              }
            ]
          },
          "unit": "short"
        },
        "overrides": []
      },
      "gridPos": {
        "h": 7,
        "w": 4,
        "x": 0,
        "y": 12
      },
      "hideTimeOverride": true,
      "id": 152,
      "links": [
        {
          "targetBlank": true,
          "title": "Check details at Dashboard 6: Services Health",
          "url": "/d/hcpcsdashboard6/hcp-for-cloud-scale-dashboard-6-services-health"
        }
      ],
      "maxDataPoints": 2,
      "options": {
        "colorMode": "background",
        "graphMode": "none",
        "justifyMode": "auto",
        "orientation": "vertical",
        "reduceOptions": {
          "calcs": [
            "lastNotNull"
          ],
          "fields": "",
          "values": false
        },
        "text": {
          "titleSize": 20,
          "valueSize": 30
        },
        "textMode": "auto"
      },
      "pluginVersion": "9.2.4",
      "targets": [
        {
          "datasource": {
            "type": "prometheus",
            "uid": "${ClusterName}"
          },
          "editorMode": "code",
          "exemplar": true,
          "expr": "((count(count(mcs_copies_per_partition==1) > 0) OR on() vector(0)) * 1000) + ((count(count(mcs_copies_per_partition==2) > 0) OR on() vector(0)) * 100) + ((count(count(mcs_copies_per_partition==3) > 0) OR on() vector(0)) * 1) + ((count(count(mcs_copies_per_partition==0) > 0) OR on() vector(0)) * 2) + ((count(count(mcs_copies_per_partition==4) > 0) OR on() vector(0)) * 10)",
          "interval": "",
          "legendFormat": "",
          "range": true,
          "refId": "A"
        }
      ],
      "timeFrom": "1m",
      "timeShift": "1m",
      "title": "Database Partitions Protection",
      "transformations": [
        {
          "disabled": true,
          "id": "reduce",
          "options": {
            "reducers": [
              "lastNotNull"
            ]
          }
        }
      ],
      "type": "stat"
    },
    {
      "datasource": {
        "type": "prometheus",
        "uid": "${ClusterName}"
      },
      "description": "Used Metadata Capacity by Node",
      "fieldConfig": {
        "defaults": {
          "color": {
            "mode": "thresholds"
          },
          "custom": {
            "align": "center",
            "displayMode": "color-background",
            "filterable": false,
            "inspect": false,
            "minWidth": 50
          },
          "decimals": 1,
          "mappings": [
            {
              "options": {
                "from": 0,
                "result": {
                  "color": "dark-green",
                  "index": 0
                },
                "to": 20
              },
              "type": "range"
            },
            {
              "options": {
                "from": 20,
                "result": {
                  "color": "semi-dark-green",
                  "index": 1
                },
                "to": 50
              },
              "type": "range"
            },
            {
              "options": {
                "from": 50,
                "result": {
                  "color": "super-light-orange",
                  "index": 2
                },
                "to": 80
              },
              "type": "range"
            },
            {
              "options": {
                "from": 80,
                "result": {
                  "color": "light-red",
                  "index": 3
                },
                "to": 100
              },
              "type": "range"
            }
          ],
          "max": 100,
          "min": 0,
          "thresholds": {
            "mode": "percentage",
            "steps": [
              {
                "color": "transparent",
                "value": null
              }
            ]
          },
          "unit": "percent"
        },
        "overrides": []
      },
      "gridPos": {
        "h": 7,
        "w": 8,
        "x": 4,
        "y": 12
      },
      "id": 164,
      "links": [
        {
          "title": "Check details at Dashboard 5: System Capacity",
          "url": "/d/hcpcsdashboard5/hcp-for-cloud-scale-dashboard-5-system-capacity"
        }
      ],
      "maxDataPoints": 1,
      "options": {
        "footer": {
          "fields": "",
          "reducer": [
            "sum"
          ],
          "show": false
        },
        "showHeader": true,
        "sortBy": [
          {
            "desc": true,
            "displayName": "Used Capacity"
          }
        ]
      },
      "pluginVersion": "9.2.4",
      "targets": [
        {
          "datasource": {
            "type": "prometheus",
            "uid": "${ClusterName}"
          },
          "editorMode": "code",
          "exemplar": true,
          "expr": "100*(metadata_used_capacity_bytes/(metadata_used_capacity_bytes+metadata_available_capacity_bytes))",
          "hide": false,
          "interval": "",
          "legendFormat": "{{store}}",
          "range": true,
          "refId": "A"
        }
      ],
      "timeFrom": "1h",
      "title": "Used Metadata Capacity (%)",
      "transformations": [
        {
          "id": "reduce",
          "options": {
            "labelsToFields": false,
            "reducers": [
              "last"
            ]
          }
        },
        {
          "id": "organize",
          "options": {
            "excludeByName": {},
            "indexByName": {},
            "renameByName": {
              "Field": "Node",
              "Last": "Used Capacity"
            }
          }
        },
        {
          "id": "filterByValue",
          "options": {
            "filters": [
              {
                "config": {
                  "id": "equal",
                  "options": {
                    "value": "aggregate"
                  }
                },
                "fieldName": "Node"
              }
            ],
            "match": "any",
            "type": "exclude"
          }
        }
      ],
      "type": "table"
    },
    {
      "datasource": {
        "type": "prometheus",
        "uid": "${ClusterName}"
      },
      "description": "Table of capacity by S-node",
      "fieldConfig": {
        "defaults": {
          "color": {
            "mode": "thresholds"
          },
          "custom": {
            "align": "center",
            "displayMode": "color-background",
            "inspect": false
          },
          "decimals": 1,
          "mappings": [
            {
              "options": {
                "from": 0,
                "result": {
                  "color": "dark-green",
                  "index": 0
                },
                "to": 20
              },
              "type": "range"
            },
            {
              "options": {
                "from": 20,
                "result": {
                  "color": "semi-dark-green",
                  "index": 1
                },
                "to": 50
              },
              "type": "range"
            },
            {
              "options": {
                "from": 50,
                "result": {
                  "color": "yellow",
                  "index": 2
                },
                "to": 80
              },
              "type": "range"
            },
            {
              "options": {
                "from": 80,
                "result": {
                  "color": "light-red",
                  "index": 3
                },
                "to": 100
              },
              "type": "range"
            }
          ],
          "max": 100,
          "min": 0,
          "noValue": "No Data",
          "thresholds": {
            "mode": "percentage",
            "steps": [
              {
                "color": "transparent",
                "value": null
              }
            ]
          },
          "unit": "percent"
        },
        "overrides": []
      },
      "gridPos": {
        "h": 7,
        "w": 8,
        "x": 12,
        "y": 12
      },
      "id": 161,
      "links": [
        {
          "targetBlank": true,
          "title": "Check details at Dashboard 5: System Capacity",
          "url": "/d/hcpcsdashboard5/hcp-for-cloud-scale-dashboard-5-system-capacity"
        }
      ],
      "maxDataPoints": 1,
      "options": {
        "footer": {
          "fields": "",
          "reducer": [
            "sum"
          ],
          "show": false
        },
        "showHeader": true,
        "sortBy": [
          {
            "desc": true,
            "displayName": "Field"
          }
        ]
      },
      "pluginVersion": "9.2.4",
      "targets": [
        {
          "datasource": {
            "type": "prometheus",
            "uid": "${ClusterName}"
          },
          "editorMode": "code",
          "exemplar": true,
          "expr": "100*(storage_used_capacity_bytes{store!=\"aggregate\"}/storage_total_capacity_bytes{store!=\"aggregate\"})",
          "hide": false,
          "interval": "",
          "legendFormat": "{{store}}",
          "range": true,
          "refId": "A"
        }
      ],
      "title": "Used S-node Capacity (by Node)",
      "transformations": [
        {
          "id": "reduce",
          "options": {
            "labelsToFields": false,
            "reducers": [
              "last"
            ]
          }
        },
        {
          "id": "organize",
          "options": {
            "excludeByName": {},
            "indexByName": {},
            "renameByName": {
              "Field": "Storage Component",
              "Last": "Used Capacity"
            }
          }
        }
      ],
      "type": "table"
    },
    {
      "datasource": {
        "type": "prometheus",
        "uid": "${ClusterName}"
      },
      "description": "Displays the percentage of encrypted Objects, system wide",
      "fieldConfig": {
        "defaults": {
          "color": {
            "mode": "thresholds"
          },
          "mappings": [
            {
              "options": {
                "0": {
                  "color": "text",
                  "index": 0,
                  "text": "OFF"
                },
                "100": {
                  "color": "dark-green",
                  "index": 1,
                  "text": "100%"
                }
              },
              "type": "value"
            },
            {
              "options": {
                "from": 0,
                "result": {
                  "color": "orange",
                  "index": 2,
                  "text": "<1%"
                },
                "to": 1
              },
              "type": "range"
            },
            {
              "options": {
                "from": 99,
                "result": {
                  "color": "yellow",
                  "index": 3,
                  "text": "99%"
                },
                "to": 100
              },
              "type": "range"
            }
          ],
          "noValue": "N/A",
          "thresholds": {
            "mode": "percentage",
            "steps": [
              {
                "color": "yellow",
                "value": null
              }
            ]
          },
          "unit": "percent"
        },
        "overrides": []
      },
      "gridPos": {
        "h": 5,
        "w": 4,
        "x": 20,
        "y": 14
      },
      "id": 156,
      "options": {
        "colorMode": "value",
        "graphMode": "none",
        "justifyMode": "auto",
        "orientation": "auto",
        "reduceOptions": {
          "calcs": [
            "lastNotNull"
          ],
          "fields": "",
          "values": false
        },
        "text": {
          "titleSize": 30,
          "valueSize": 49
        },
        "textMode": "value"
      },
      "pluginVersion": "9.2.4",
      "targets": [
        {
          "datasource": {
            "type": "prometheus",
            "uid": "${ClusterName}"
          },
          "exemplar": true,
          "expr": "100*(sum(metadata_clientobject_active_encrypted_count))/(sum(metadata_clientobject_active_unencrypted_count)+sum(metadata_clientobject_active_encrypted_count))\r\n",
          "hide": false,
          "interval": "",
          "legendFormat": " ",
          "refId": "B"
        }
      ],
      "title": "Encrypted Objects",
      "transformations": [],
      "type": "stat"
    },
    {
      "datasource": {
        "type": "prometheus",
        "uid": "${ClusterName}"
      },
      "description": "Checks whether DLS (Data-Lifecycle Service) is examining objects for DELETE_BACKEND_OBJECTS policy. UNHEALTHY indicates that no activity was detected in the last 24 hours.",
      "fieldConfig": {
        "defaults": {
          "color": {
            "mode": "thresholds"
          },
          "mappings": [
            {
              "options": {
                "from": 0,
                "result": {
                  "color": "yellow",
                  "index": 0,
                  "text": "UNHEALTHY or IDLE"
                },
                "to": 0
              },
              "type": "range"
            },
            {
              "options": {
                "from": 1,
                "result": {
                  "color": "green",
                  "index": 1,
                  "text": "Active"
                },
                "to": 1000000000000
              },
              "type": "range"
            }
          ],
          "thresholds": {
            "mode": "absolute",
            "steps": [
              {
                "color": "green",
                "value": null
              },
              {
                "color": "orange",
                "value": 0
              },
              {
                "color": "green",
                "value": 1
              }
            ]
          }
        },
        "overrides": []
      },
      "gridPos": {
        "h": 4,
        "w": 4,
        "x": 0,
        "y": 19
      },
      "id": 250,
      "options": {
        "colorMode": "background",
        "graphMode": "none",
        "justifyMode": "auto",
        "orientation": "auto",
        "reduceOptions": {
          "calcs": [
            "lastNotNull"
          ],
          "fields": "",
          "values": false
        },
        "text": {
          "titleSize": 20,
          "valueSize": 30
        },
        "textMode": "auto"
      },
      "pluginVersion": "9.2.4",
      "targets": [
        {
          "datasource": {
            "type": "prometheus",
            "uid": "${ClusterName}"
          },
          "editorMode": "code",
          "exemplar": true,
          "expr": "sum(delta(lifecycle_policy_examine_latency_seconds_count{policy=\"DELETE_BACKEND_OBJECTS\"}[2h]))",
          "hide": false,
          "interval": "",
          "legendFormat": "",
          "range": true,
          "refId": "A"
        }
      ],
      "title": "DLS: Delete Backend Objects policy",
      "type": "stat"
    },
    {
      "datasource": {
        "type": "prometheus",
        "uid": "${ClusterName}"
      },
      "description": "Checks whether DLS (Data-Lifecycle Service) is examining objects for VERSION_EXPIRATION policy. UNHEALTHY indicates that no activity was detected in the last 24 hours.",
      "fieldConfig": {
        "defaults": {
          "color": {
            "mode": "thresholds"
          },
          "mappings": [
            {
              "options": {
                "from": 0,
                "result": {
                  "color": "yellow",
                  "index": 0,
                  "text": "UNHEALTHY or IDLE"
                },
                "to": 0
              },
              "type": "range"
            },
            {
              "options": {
                "from": 1,
                "result": {
                  "color": "green",
                  "index": 1,
                  "text": "Active"
                },
                "to": 100000000000
              },
              "type": "range"
            }
          ],
          "thresholds": {
            "mode": "absolute",
            "steps": [
              {
                "color": "green",
                "value": null
              },
              {
                "color": "orange",
                "value": 0
              },
              {
                "color": "green",
                "value": 1
              }
            ]
          }
        },
        "overrides": []
      },
      "gridPos": {
        "h": 4,
        "w": 4,
        "x": 4,
        "y": 19
      },
      "id": 251,
      "options": {
        "colorMode": "background",
        "graphMode": "none",
        "justifyMode": "auto",
        "orientation": "auto",
        "reduceOptions": {
          "calcs": [
            "lastNotNull"
          ],
          "fields": "",
          "values": false
        },
        "text": {
          "titleSize": 20,
          "valueSize": 30
        },
        "textMode": "auto"
      },
      "pluginVersion": "9.2.4",
      "targets": [
        {
          "datasource": {
            "type": "prometheus",
            "uid": "${ClusterName}"
          },
          "editorMode": "code",
          "exemplar": true,
          "expr": "sum(delta(lifecycle_policy_examine_latency_seconds_count{policy=\"VERSION_EXPIRATION\"}[2h]))",
          "hide": false,
          "interval": "",
          "legendFormat": "",
          "range": true,
          "refId": "A"
        }
      ],
      "title": "DLS: Version Expiration policy",
      "type": "stat"
    },
    {
      "datasource": {
        "type": "prometheus",
        "uid": "${ClusterName}"
      },
      "description": "Checks whether DLS (Data-Lifecycle Service) is examining objects for TOMBSTONE_DELETION policy",
      "fieldConfig": {
        "defaults": {
          "color": {
            "mode": "thresholds"
          },
          "mappings": [
            {
              "options": {
                "from": 0,
                "result": {
                  "color": "super-light-blue",
                  "index": 0,
                  "text": "Not Active"
                },
                "to": 0
              },
              "type": "range"
            },
            {
              "options": {
                "from": 1,
                "result": {
                  "color": "green",
                  "index": 1,
                  "text": "Active"
                },
                "to": 100000000000
              },
              "type": "range"
            },
            {
              "options": {
                "match": "null+nan",
                "result": {
                  "color": "super-light-blue",
                  "index": 2,
                  "text": "Not Active"
                }
              },
              "type": "special"
            },
            {
              "options": {
                "match": "empty",
                "result": {
                  "color": "super-light-blue",
                  "index": 3,
                  "text": "Not Active"
                }
              },
              "type": "special"
            },
            {
              "options": {
                "from": -1e+24,
                "result": {
                  "color": "super-light-blue",
                  "index": 4,
                  "text": "No Data"
                },
                "to": 0
              },
              "type": "range"
            }
          ],
          "thresholds": {
            "mode": "absolute",
            "steps": [
              {
                "color": "green",
                "value": null
              },
              {
                "color": "orange",
                "value": 0
              },
              {
                "color": "green",
                "value": 1
              }
            ]
          }
        },
        "overrides": []
      },
      "gridPos": {
        "h": 4,
        "w": 4,
        "x": 8,
        "y": 19
      },
      "id": 253,
      "options": {
        "colorMode": "background",
        "graphMode": "none",
        "justifyMode": "auto",
        "orientation": "auto",
        "reduceOptions": {
          "calcs": [
            "lastNotNull"
          ],
          "fields": "",
          "values": false
        },
        "text": {
          "titleSize": 20,
          "valueSize": 30
        },
        "textMode": "auto"
      },
      "pluginVersion": "9.2.4",
      "targets": [
        {
          "datasource": {
            "type": "prometheus",
            "uid": "${ClusterName}"
          },
          "exemplar": true,
          "expr": "sum(delta(lifecycle_policy_examine_latency_seconds_count{policy=\"TOMBSTONE_DELETION\"}[1h]))",
          "hide": true,
          "interval": "",
          "legendFormat": "",
          "refId": "A"
        },
        {
          "datasource": {
            "type": "prometheus",
            "uid": "${ClusterName}"
          },
          "exemplar": true,
          "expr": "sum(lifecycle_policy_examine_latency_seconds_count{policy=\"TOMBSTONE_DELETION\"}) - sum(lifecycle_policy_examine_latency_seconds_count{policy=\"TOMBSTONE_DELETION\"} offset 24h)",
          "hide": false,
          "interval": "",
          "legendFormat": "",
          "refId": "B"
        }
      ],
      "title": "DLS: Tombstone Delete policy",
      "type": "stat"
    },
    {
      "datasource": {
        "type": "prometheus",
        "uid": "${ClusterName}"
      },
      "description": "Checks whether DLS (Data-Lifecycle Service) is examining objects for INCOMPLETE_MPU_EXPIRATION policy",
      "fieldConfig": {
        "defaults": {
          "color": {
            "mode": "thresholds"
          },
          "mappings": [
            {
              "options": {
                "from": 0,
                "result": {
                  "color": "super-light-blue",
                  "index": 0,
                  "text": "Not Active"
                },
                "to": 0
              },
              "type": "range"
            },
            {
              "options": {
                "from": 1,
                "result": {
                  "color": "green",
                  "index": 1,
                  "text": "Active"
                },
                "to": 100000000000
              },
              "type": "range"
            },
            {
              "options": {
                "match": "null+nan",
                "result": {
                  "color": "super-light-blue",
                  "index": 2,
                  "text": "Not Active"
                }
              },
              "type": "special"
            },
            {
              "options": {
                "match": "empty",
                "result": {
                  "color": "super-light-blue",
                  "index": 3,
                  "text": "Not Active"
                }
              },
              "type": "special"
            }
          ],
          "thresholds": {
            "mode": "absolute",
            "steps": [
              {
                "color": "green",
                "value": null
              },
              {
                "color": "orange",
                "value": 0
              },
              {
                "color": "green",
                "value": 1
              }
            ]
          }
        },
        "overrides": []
      },
      "gridPos": {
        "h": 4,
        "w": 4,
        "x": 12,
        "y": 19
      },
      "id": 256,
      "options": {
        "colorMode": "background",
        "graphMode": "none",
        "justifyMode": "auto",
        "orientation": "auto",
        "reduceOptions": {
          "calcs": [
            "lastNotNull"
          ],
          "fields": "",
          "values": false
        },
        "text": {
          "titleSize": 20,
          "valueSize": 30
        },
        "textMode": "auto"
      },
      "pluginVersion": "9.2.4",
      "targets": [
        {
          "datasource": {
            "type": "prometheus",
            "uid": "${ClusterName}"
          },
          "exemplar": true,
          "expr": "sum(delta(lifecycle_policy_examine_latency_seconds_count{policy=\"INCOMPLETE_MPU_EXPIRATION \"}[1h]))",
          "hide": true,
          "interval": "",
          "legendFormat": "",
          "refId": "A"
        },
        {
          "datasource": {
            "type": "prometheus",
            "uid": "${ClusterName}"
          },
          "exemplar": true,
          "expr": "sum(lifecycle_policy_examine_latency_seconds_count{policy=\"INCOMPLETE_MPU_EXPIRATION \"}) - sum(lifecycle_policy_examine_latency_seconds_count{policy=\"TOMBSTONE_DELETION\"} offset 24h)",
          "hide": false,
          "interval": "",
          "legendFormat": "",
          "refId": "B"
        }
      ],
      "title": "DLS: Incomplete MPU expiration policy",
      "type": "stat"
    },
    {
      "datasource": {
        "type": "prometheus",
        "uid": "${ClusterName}"
      },
      "description": "Checks whether DLS (Data-Lifecycle Service) is examining objects for CHARGEBACK_POPULATION policy",
      "fieldConfig": {
        "defaults": {
          "color": {
            "mode": "thresholds"
          },
          "mappings": [
            {
              "options": {
                "0": {
                  "color": "super-light-blue",
                  "index": 2,
                  "text": "Not Active"
                }
              },
              "type": "value"
            },
            {
              "options": {
                "match": "null+nan",
                "result": {
                  "color": "super-light-blue",
                  "index": 0,
                  "text": "Not Active"
                }
              },
              "type": "special"
            },
            {
              "options": {
                "from": 1,
                "result": {
                  "color": "green",
                  "index": 1,
                  "text": "Active"
                },
                "to": 10000000000
              },
              "type": "range"
            }
          ],
          "thresholds": {
            "mode": "absolute",
            "steps": [
              {
                "color": "text",
                "value": null
              },
              {
                "color": "green",
                "value": 1
              }
            ]
          },
          "unit": "short"
        },
        "overrides": []
      },
      "gridPos": {
        "h": 4,
        "w": 4,
        "x": 16,
        "y": 19
      },
      "id": 255,
      "maxDataPoints": 1,
      "options": {
        "colorMode": "background",
        "graphMode": "none",
        "justifyMode": "auto",
        "orientation": "auto",
        "reduceOptions": {
          "calcs": [
            "lastNotNull"
          ],
          "fields": "",
          "values": false
        },
        "text": {
          "titleSize": 20,
          "valueSize": 30
        },
        "textMode": "auto"
      },
      "pluginVersion": "9.2.4",
      "targets": [
        {
          "datasource": {
            "type": "prometheus",
            "uid": "${ClusterName}"
          },
          "exemplar": true,
          "expr": "(sum(delta(lifecycle_policy_examine_latency_seconds_count{policy=\"CHARGEBACK_POPULATION\"}[24h])))",
          "format": "heatmap",
          "hide": false,
          "instant": false,
          "interval": "",
          "legendFormat": "",
          "refId": "A"
        },
        {
          "datasource": {
            "type": "prometheus",
            "uid": "${ClusterName}"
          },
          "exemplar": true,
          "expr": "(sum(delta(http_s3_servlet_operations_total{operation=~\"S3PutObject.*Operation\"}[24h]))+sum(delta(http_s3_servlet_operations_total{operation=~\"S3.*DeleteObjectOperation\"}[24h])))",
          "format": "heatmap",
          "hide": true,
          "interval": "",
          "legendFormat": "",
          "refId": "B"
        }
      ],
      "title": "DLS: Chargeback policy",
      "transformations": [],
      "type": "stat"
    },
    {
      "datasource": {
        "type": "prometheus",
        "uid": "${ClusterName}"
      },
      "description": "Checks the Health of the EXTERNAL KMS (Key Management Server) - e.g all are online",
      "fieldConfig": {
        "defaults": {
          "mappings": [
            {
              "options": {
                "0": {
                  "color": "yellow",
                  "index": 1,
                  "text": "All KMS Offline"
                },
                "-infinity": {
                  "color": "text",
                  "index": 4,
                  "text": "None Configured"
                },
                "Infinity": {
                  "color": "text",
                  "index": 3,
                  "text": "None Configured"
                }
              },
              "type": "value"
            },
            {
              "options": {
                "from": 0,
                "result": {
                  "color": "light-yellow",
                  "index": 0,
                  "text": "Offline KMS Detected"
                },
                "to": 0.99999
              },
              "type": "range"
            },
            {
              "options": {
                "match": "null+nan",
                "result": {
                  "color": "text",
                  "index": 2,
                  "text": "None Configured"
                }
              },
              "type": "special"
            },
            {
              "options": {
                "from": 1,
                "result": {
                  "color": "green",
                  "index": 5,
                  "text": "Healthy"
                },
                "to": 2
              },
              "type": "range"
            }
          ],
          "min": 0,
          "thresholds": {
            "mode": "absolute",
            "steps": [
              {
                "color": "semi-dark-red",
                "value": null
              }
            ]
          },
          "unit": "short"
        },
        "overrides": []
      },
      "gridPos": {
        "h": 4,
        "w": 4,
        "x": 20,
        "y": 19
      },
      "id": 270,
      "options": {
        "colorMode": "background",
        "graphMode": "none",
        "justifyMode": "auto",
        "orientation": "vertical",
        "reduceOptions": {
          "calcs": [],
          "fields": "",
          "values": false
        },
        "text": {
          "titleSize": 20,
          "valueSize": 30
        },
        "textMode": "auto"
      },
      "pluginVersion": "9.2.4",
      "targets": [
        {
          "datasource": {
            "type": "prometheus",
            "uid": "${ClusterName}"
          },
          "editorMode": "code",
          "exemplar": false,
          "expr": "(0.1+sum(kmip_servers_online)) / (sum(kmip_servers_online) + sum(kmip_servers_offline))",
          "hide": false,
          "instant": false,
          "interval": "",
          "legendFormat": "",
          "range": true,
          "refId": "A"
        }
      ],
      "title": "External KMS Health",
      "transformations": [
        {
          "id": "reduce",
          "options": {
            "reducers": [
              "lastNotNull"
            ]
          }
        }
      ],
      "type": "stat"
    },
    {
      "datasource": {
        "type": "prometheus",
        "uid": "${ClusterName}"
      },
      "description": "S3 I/O should be distributed evenly among nodes. Any value >15% imbalance should be investigated.",
      "fieldConfig": {
        "defaults": {
          "color": {
            "mode": "thresholds"
          },
          "decimals": 2,
          "mappings": [
            {
              "options": {
                "from": 0,
                "result": {
                  "color": "green",
                  "index": 0,
                  "text": "Balanced"
                },
                "to": 15
              },
              "type": "range"
            },
            {
              "options": {
                "from": 15,
                "result": {
                  "color": "yellow",
                  "index": 1,
                  "text": "Unbalanced < 35%"
                },
                "to": 35
              },
              "type": "range"
            },
            {
              "options": {
                "from": 35,
                "result": {
                  "color": "orange",
                  "index": 2,
                  "text": "Unbalanced > 35%"
                },
                "to": 1000000
              },
              "type": "range"
            }
          ],
          "thresholds": {
            "mode": "absolute",
            "steps": [
              {
                "color": "transparent",
                "value": null
              }
            ]
          },
          "unit": "none"
        },
        "overrides": []
      },
      "gridPos": {
        "h": 4,
        "w": 4,
        "x": 0,
        "y": 23
      },
      "id": 202,
      "maxDataPoints": 2,
      "options": {
        "colorMode": "background",
        "graphMode": "area",
        "justifyMode": "center",
        "orientation": "auto",
        "reduceOptions": {
          "calcs": [
            "lastNotNull"
          ],
          "fields": "",
          "values": false
        },
        "text": {
          "titleSize": 20,
          "valueSize": 30
        },
        "textMode": "auto"
      },
      "pluginVersion": "9.2.4",
      "targets": [
        {
          "datasource": {
            "type": "prometheus",
            "uid": "${ClusterName}"
          },
          "editorMode": "code",
          "exemplar": true,
          "expr": "100* abs ((max ( sum by (instance) (http_s3_servlet_operations_total{job=\"S3-Gateway\"})) - min ( sum by (instance) (http_s3_servlet_operations_total{job=\"S3-Gateway\"}))) / avg ( sum by (instance) (http_s3_servlet_operations_total{job=\"S3-Gateway\"}))) ",
          "hide": false,
          "interval": "",
          "legendFormat": "Unbalance",
          "range": true,
          "refId": "B"
        }
      ],
      "title": "S3 I/O Balance",
      "transformations": [
        {
          "id": "reduce",
          "options": {
            "reducers": [
              "lastNotNull"
            ]
          }
        },
        {
          "id": "organize",
          "options": {
            "excludeByName": {},
            "indexByName": {},
            "renameByName": {
              "Field": "Node",
              "Last *": "Max Partition Imbalance"
            }
          }
        }
      ],
      "type": "stat"
    },
    {
      "datasource": {
        "type": "prometheus",
        "uid": "${ClusterName}"
      },
      "description": "A Database should be distributed evenly among nodes. Any node showing >15% imbalance should be investigated.",
      "fieldConfig": {
        "defaults": {
          "color": {
            "mode": "thresholds"
          },
          "decimals": 2,
          "mappings": [
            {
              "options": {
                "from": 0,
                "result": {
                  "color": "green",
                  "index": 0,
                  "text": "Balanced"
                },
                "to": 25
              },
              "type": "range"
            },
            {
              "options": {
                "from": 25,
                "result": {
                  "color": "super-light-orange",
                  "index": 1,
                  "text": "Unbalanced (>25%)"
                },
                "to": 40
              },
              "type": "range"
            },
            {
              "options": {
                "from": 40,
                "result": {
                  "color": "orange",
                  "index": 2,
                  "text": "Unbalanced (>40%)"
                },
                "to": 100
              },
              "type": "range"
            }
          ],
          "thresholds": {
            "mode": "absolute",
            "steps": [
              {
                "color": "transparent",
                "value": null
              }
            ]
          },
          "unit": "percentunit"
        },
        "overrides": []
      },
      "gridPos": {
        "h": 4,
        "w": 4,
        "x": 4,
        "y": 23
      },
      "id": 198,
      "options": {
        "colorMode": "background",
        "graphMode": "area",
        "justifyMode": "center",
        "orientation": "auto",
        "reduceOptions": {
          "calcs": [
            "lastNotNull"
          ],
          "fields": "",
          "values": false
        },
        "text": {
          "titleSize": 20,
          "valueSize": 30
        },
        "textMode": "auto"
      },
      "pluginVersion": "9.2.4",
      "targets": [
        {
          "datasource": {
            "type": "prometheus",
            "uid": "${ClusterName}"
          },
          "editorMode": "code",
          "exemplar": true,
          "expr": "100* abs ((max (mcs_partitions_per_instance) - min (mcs_partitions_per_instance)) / avg (mcs_partitions_per_instance)) ",
          "hide": false,
          "interval": "",
          "legendFormat": "Unbalance",
          "range": true,
          "refId": "B"
        }
      ],
      "title": "Metadata Partition Balance",
      "transformations": [
        {
          "id": "reduce",
          "options": {
            "reducers": [
              "lastNotNull"
            ]
          }
        },
        {
          "id": "organize",
          "options": {
            "excludeByName": {},
            "indexByName": {},
            "renameByName": {
              "Field": "Node",
              "Last *": "Max Partition Imbalance"
            }
          }
        }
      ],
      "type": "stat"
    },
    {
      "datasource": {
        "type": "prometheus",
        "uid": "P442C0F3243930FD5"
      },
      "description": "Indicate if any database instance has entered error mode, resulting in a loss of availability. Contact Hitachi support if this panel displays anything other than \"Normal\".",
      "fieldConfig": {
        "defaults": {
          "color": {
            "mode": "thresholds"
          },
          "mappings": [
            {
              "options": {
                "0": {
                  "color": "green",
                  "index": 0,
                  "text": "Normal"
                }
              },
              "type": "value"
            },
            {
              "options": {
                "from": 1,
                "result": {
                  "color": "red",
                  "index": 1,
                  "text": "Error Mode"
                },
                "to": 10000000000
              },
              "type": "range"
            }
          ],
          "thresholds": {
            "mode": "absolute",
            "steps": [
              {
                "color": "transparent",
                "value": null
              }
            ]
          },
          "unit": "none"
        },
        "overrides": []
      },
      "gridPos": {
        "h": 4,
        "w": 4,
        "x": 8,
        "y": 23
      },
      "id": 274,
      "options": {
        "colorMode": "background",
        "graphMode": "none",
        "justifyMode": "auto",
        "orientation": "vertical",
        "reduceOptions": {
          "calcs": [
            "lastNotNull"
          ],
          "fields": "",
          "values": false
        },
        "text": {
          "titleSize": 20,
          "valueSize": 30
        },
        "textMode": "auto"
      },
      "pluginVersion": "9.2.4",
      "targets": [
        {
          "datasource": {
            "type": "prometheus",
            "uid": "P442C0F3243930FD5"
          },
          "editorMode": "builder",
          "exemplar": false,
          "expr": "sum(myrtle_updates_rejected_total)",
          "instant": true,
          "legendFormat": "__auto",
          "range": false,
          "refId": "A"
        }
      ],
      "title": "Metadata Error Mode Status",
      "type": "stat"
    },
    {
      "datasource": {
        "type": "prometheus",
        "uid": "${ClusterName}"
      },
      "description": "Checks whether DLS (Data-Lifecycle Service) is examining objects for REKEY policy. UNHEALTHY indicates that no activity was detected in the last 24 hours.",
      "fieldConfig": {
        "defaults": {
          "color": {
            "mode": "thresholds"
          },
          "mappings": [
            {
              "options": {
                "from": 0,
                "result": {
                  "color": "super-light-blue",
                  "index": 0,
                  "text": "Not Active"
                },
                "to": 0
              },
              "type": "range"
            },
            {
              "options": {
                "from": 1,
                "result": {
                  "color": "green",
                  "index": 1,
                  "text": "Active"
                },
                "to": 100000000000
              },
              "type": "range"
            }
          ],
          "thresholds": {
            "mode": "absolute",
            "steps": [
              {
                "color": "text",
                "value": null
              },
              {
                "color": "text",
                "value": 0
              },
              {
                "color": "green",
                "value": 1
              }
            ]
          }
        },
        "overrides": []
      },
      "gridPos": {
        "h": 4,
        "w": 4,
        "x": 20,
        "y": 23
      },
      "id": 272,
      "options": {
        "colorMode": "background",
        "graphMode": "none",
        "justifyMode": "auto",
        "orientation": "auto",
        "reduceOptions": {
          "calcs": [
            "lastNotNull"
          ],
          "fields": "",
          "values": false
        },
        "text": {
          "titleSize": 20,
          "valueSize": 30
        },
        "textMode": "auto"
      },
      "pluginVersion": "9.2.4",
      "targets": [
        {
          "datasource": {
            "type": "prometheus",
            "uid": "${ClusterName}"
          },
          "editorMode": "code",
          "exemplar": true,
          "expr": "sum(delta(lifecycle_policy_rekey_examine_latency_seconds_count[1h]))",
          "hide": false,
          "interval": "",
          "legendFormat": "",
          "range": true,
          "refId": "A"
        }
      ],
      "title": "DLS: Rekey policy",
      "type": "stat"
    }
  ],
  "refresh": "15m",
  "schemaVersion": 37,
  "style": "dark",
  "tags": [
    "cloudscale"
  ],
  "templating": {
    "list": [
      {
        "current": {
          "selected": false,
          "text": "PrometheusLocal",
          "value": "PrometheusLocal"
        },
        "description": "Choose a Cluster to Connect and Display",
        "hide": 0,
        "includeAll": true,
        "label": "Choose  Cluster",
        "multi": false,
        "name": "ClusterName",
        "options": [],
        "query": "prometheus",
        "queryValue": "",
        "refresh": 1,
        "regex": "",
        "skipUrlSync": false,
        "type": "datasource"
      },
      {
        "current": {
          "isNone": true,
          "selected": false,
          "text": "None",
          "value": ""
        },
        "datasource": {
          "type": "prometheus",
          "uid": "${ClusterName}"
        },
        "definition": "label_values(node_uname_info, job)",
        "hide": 2,
        "includeAll": false,
        "label": "Job",
        "multi": false,
        "name": "job",
        "options": [],
        "query": {
          "query": "label_values(node_uname_info, job)",
          "refId": "StandardVariableQuery"
        },
        "refresh": 1,
        "regex": "",
        "skipUrlSync": false,
        "sort": 0,
        "type": "query"
      },
      {
        "allValue": ".*",
        "current": {
          "selected": false,
          "text": "All",
          "value": "$__all"
        },
        "datasource": {
          "type": "prometheus",
          "uid": "${ClusterName}"
        },
        "definition": "label_values(node_uname_info{job=\"$job\"}, instance)",
        "hide": 2,
        "includeAll": true,
        "label": "Host:",
        "multi": false,
        "name": "node",
        "options": [],
        "query": {
          "query": "label_values(node_uname_info{job=\"$job\"}, instance)",
          "refId": "StandardVariableQuery"
        },
        "refresh": 1,
        "regex": "",
        "skipUrlSync": false,
        "sort": 2,
        "type": "query"
      },
      {
        "description": "WildCard",
        "hide": 2,
        "label": "WildCard",
        "name": "allnodes",
        "query": ".*",
        "skipUrlSync": false,
        "type": "constant"
      },
      {
        "current": {
          "selected": false,
          "text": "^docker.*$|^lo$",
          "value": "^docker.*$|^lo$"
        },
        "hide": 2,
        "includeAll": false,
        "label": "Exclude_Device",
        "multi": false,
        "name": "excl_net",
        "options": [
          {
            "selected": true,
            "text": "^docker.*$|^lo$",
            "value": "^docker.*$|^lo$"
          }
        ],
        "query": "^docker.*$|^lo$",
        "skipUrlSync": false,
        "type": "custom"
      }
    ]
  },
  "time": {
    "from": "now-24h",
    "to": "now"
  },
  "timepicker": {},
  "timezone": "utc",
  "title": "HCP for Cloud Scale - Dashboard 1: System Health",
  "uid": "hcpcsdashboard1",
  "version": 1,
  "weekStart": ""
}