{
  "annotations": {
    "list": [
      {
        "builtIn": 1,
        "datasource": {
          "type": "datasource",
          "uid": "grafana"
        },
        "enable": true,
        "hide": true,
        "iconColor": "rgba(0, 211, 255, 1)",
        "name": "Annotations & Alerts",
        "target": {
          "limit": 100,
          "matchAny": false,
          "tags": [],
          "type": "dashboard"
        },
        "type": "dashboard"
      }
    ]
  },
  "description": "",
  "editable": true,
  "fiscalYearStartMonth": 0,
  "graphTooltip": 0,
  "id": 1,
  "links": [
    {
      "asDropdown": true,
      "icon": "external link",
      "includeVars": true,
      "keepTime": true,
      "tags": [
        "cloudscale"
      ],
      "targetBlank": false,
      "title": "Related Dashboards",
      "tooltip": "",
      "type": "dashboards",
      "url": ""
    }
  ],
  "liveNow": false,
  "panels": [
    {
      "collapsed": false,
      "datasource": {
        "type": "prometheus",
        "uid": "${ClusterName}"
      },
      "gridPos": {
        "h": 1,
        "w": 24,
        "x": 0,
        "y": 0
      },
      "id": 204,
      "panels": [],
      "targets": [
        {
          "datasource": {
            "type": "prometheus",
            "uid": "${ClusterName}"
          },
          "refId": "A"
        }
      ],
      "title": "System Overview",
      "type": "row"
    },
    {
      "datasource": {
        "type": "prometheus",
        "uid": "${ClusterName}"
      },
      "description": "Sortable Capacity per bucket.  Change count be used to identify bucket activity.",
      "fieldConfig": {
        "defaults": {
          "mappings": [],
          "max": 1,
          "min": 0,
          "thresholds": {
            "mode": "absolute",
            "steps": [
              {
                "color": "blue",
                "value": null
              }
            ]
          },
          "unit": "bytes"
        },
        "overrides": [
          {
            "matcher": {
              "id": "byName",
              "options": "Value #A"
            },
            "properties": [
              {
                "id": "displayName",
                "value": "Total Capacity"
              }
            ]
          },
          {
            "matcher": {
              "id": "byName",
              "options": "Value #B"
            },
            "properties": [
              {
                "id": "displayName",
                "value": "Total Objects"
              },
              {
                "id": "unit",
                "value": "short"
              }
            ]
          },
          {
            "matcher": {
              "id": "byName",
              "options": "Value #C"
            },
            "properties": [
              {
                "id": "displayName",
                "value": "Average Object Size"
              }
            ]
          }
        ]
      },
      "gridPos": {
        "h": 8,
        "w": 7,
        "x": 0,
        "y": 1
      },
      "hideTimeOverride": true,
      "id": 270,
      "maxDataPoints": 1,
      "options": {
        "orientation": "auto",
        "reduceOptions": {
          "calcs": [],
          "fields": "",
          "values": true
        },
        "showThresholdLabels": false,
        "showThresholdMarkers": false
      },
      "pluginVersion": "9.2.4",
      "targets": [
        {
          "datasource": {
            "type": "prometheus",
            "uid": "${ClusterName}"
          },
          "editorMode": "code",
          "exemplar": false,
          "expr": "sum(metadata_total_bytes_per_bucket{})",
          "format": "table",
          "interval": "",
          "legendFormat": "Total bytes",
          "range": true,
          "refId": "A"
        },
        {
          "datasource": {
            "type": "prometheus",
            "uid": "${ClusterName}"
          },
          "editorMode": "code",
          "exemplar": false,
          "expr": "sum(metadata_total_objects_per_bucket{})",
          "format": "table",
          "hide": false,
          "interval": "",
          "legendFormat": "Total objects",
          "range": true,
          "refId": "B"
        },
        {
          "datasource": {
            "type": "prometheus",
            "uid": "${ClusterName}"
          },
          "editorMode": "code",
          "exemplar": false,
          "expr": "sum(metadata_total_bytes_per_bucket{}) / sum(metadata_total_objects_per_bucket{})",
          "format": "table",
          "hide": false,
          "interval": "",
          "legendFormat": "Average Object Size",
          "range": true,
          "refId": "C"
        }
      ],
      "timeFrom": "1m",
      "title": "Total Capacity & Objects",
      "transformations": [
        {
          "id": "merge",
          "options": {}
        },
        {
          "id": "reduce",
          "options": {
            "includeTimeField": false,
            "labelsToFields": true,
            "mode": "reduceFields",
            "reducers": [
              "lastNotNull"
            ]
          }
        },
        {
          "id": "seriesToRows",
          "options": {}
        },
        {
          "disabled": true,
          "id": "labelsToFields",
          "options": {}
        }
      ],
      "type": "gauge"
    },
    {
      "datasource": {
        "type": "prometheus",
        "uid": "${ClusterName}"
      },
      "description": "The total number of active client objects",
      "fieldConfig": {
        "defaults": {
          "color": {
            "mode": "palette-classic"
          },
          "custom": {
            "axisCenteredZero": false,
            "axisColorMode": "text",
            "axisLabel": "",
            "axisPlacement": "auto",
            "barAlignment": 0,
            "drawStyle": "line",
            "fillOpacity": 10,
            "gradientMode": "none",
            "hideFrom": {
              "legend": false,
              "tooltip": false,
              "viz": false
            },
            "lineInterpolation": "linear",
            "lineWidth": 3,
            "pointSize": 5,
            "scaleDistribution": {
              "type": "linear"
            },
            "showPoints": "auto",
            "spanNulls": false,
            "stacking": {
              "group": "A",
              "mode": "none"
            },
            "thresholdsStyle": {
              "mode": "off"
            }
          },
          "mappings": [],
          "thresholds": {
            "mode": "absolute",
            "steps": [
              {
                "color": "red",
                "value": null
              },
              {
                "color": "blue",
                "value": 1
              }
            ]
          },
          "unit": "short"
        },
        "overrides": []
      },
      "gridPos": {
        "h": 8,
        "w": 17,
        "x": 7,
        "y": 1
      },
      "hideTimeOverride": false,
      "id": 269,
      "interval": "5m",
      "maxDataPoints": 1000,
      "options": {
        "legend": {
          "calcs": [],
          "displayMode": "list",
          "placement": "bottom",
          "showLegend": false
        },
        "tooltip": {
          "mode": "single",
          "sort": "none"
        }
      },
      "pluginVersion": "9.2.4",
      "targets": [
        {
          "datasource": {
            "type": "prometheus",
            "uid": "${ClusterName}"
          },
          "editorMode": "code",
          "exemplar": true,
          "expr": "sum(metadata_clientobject_active_count) ",
          "hide": false,
          "interval": "",
          "legendFormat": "Object Count",
          "range": true,
          "refId": "A"
        }
      ],
      "timeFrom": "30d",
      "title": "Total Objects",
      "transformations": [
        {
          "disabled": true,
          "id": "reduce",
          "options": {
            "reducers": [
              "diff"
            ]
          }
        },
        {
          "disabled": true,
          "id": "organize",
          "options": {
            "excludeByName": {
              "Difference": false,
              "Field": true,
              "First (not null)": true,
              "Last": true
            },
            "indexByName": {},
            "renameByName": {
              "Difference": ""
            }
          }
        }
      ],
      "type": "timeseries"
    },
    {
      "datasource": {
        "type": "prometheus",
        "uid": "${ClusterName}"
      },
      "description": "Reports the current deletes form the last hour. A value of zero could indicate an issue on a busy system",
      "fieldConfig": {
        "defaults": {
          "color": {
            "mode": "thresholds"
          },
          "mappings": [],
          "thresholds": {
            "mode": "absolute",
            "steps": [
              {
                "color": "blue",
                "value": null
              },
              {
                "color": "text",
                "value": 1
              }
            ]
          },
          "unit": "short"
        },
        "overrides": []
      },
      "gridPos": {
        "h": 5,
        "w": 7,
        "x": 0,
        "y": 9
      },
      "hideTimeOverride": false,
      "id": 122,
      "interval": "5m",
      "maxDataPoints": 2,
      "options": {
        "colorMode": "value",
        "graphMode": "area",
        "justifyMode": "auto",
        "orientation": "auto",
        "reduceOptions": {
          "calcs": [
            "lastNotNull"
          ],
          "fields": "",
          "values": false
        },
        "text": {
          "titleSize": 20,
          "valueSize": 40
        },
        "textMode": "auto"
      },
      "pluginVersion": "9.2.4",
      "targets": [
        {
          "datasource": {
            "type": "prometheus",
            "uid": "${ClusterName}"
          },
          "exemplar": true,
          "expr": "sum(metadata_clientobject_active_count) - sum(metadata_clientobject_active_count offset 1d) ",
          "hide": false,
          "interval": "",
          "legendFormat": "New Objects",
          "refId": "A"
        }
      ],
      "timeFrom": "12h",
      "title": "New Objects",
      "transformations": [
        {
          "disabled": true,
          "id": "reduce",
          "options": {
            "reducers": [
              "diff"
            ]
          }
        },
        {
          "disabled": true,
          "id": "organize",
          "options": {
            "excludeByName": {
              "Difference": false,
              "Field": true,
              "First (not null)": true,
              "Last": true
            },
            "indexByName": {},
            "renameByName": {
              "Difference": ""
            }
          }
        }
      ],
      "type": "stat"
    },
    {
      "datasource": {
        "type": "prometheus",
        "uid": "${ClusterName}"
      },
      "description": "",
      "fieldConfig": {
        "defaults": {
          "color": {
            "mode": "palette-classic"
          },
          "custom": {
            "axisCenteredZero": false,
            "axisColorMode": "text",
            "axisLabel": "",
            "axisPlacement": "auto",
            "barAlignment": 0,
            "drawStyle": "line",
            "fillOpacity": 10,
            "gradientMode": "none",
            "hideFrom": {
              "legend": false,
              "tooltip": false,
              "viz": false
            },
            "lineInterpolation": "linear",
            "lineWidth": 3,
            "pointSize": 5,
            "scaleDistribution": {
              "type": "linear"
            },
            "showPoints": "auto",
            "spanNulls": false,
            "stacking": {
              "group": "A",
              "mode": "none"
            },
            "thresholdsStyle": {
              "mode": "off"
            }
          },
          "mappings": [],
          "thresholds": {
            "mode": "absolute",
            "steps": [
              {
                "color": "red",
                "value": null
              },
              {
                "color": "green",
                "value": 1
              }
            ]
          },
          "unit": "short"
        },
        "overrides": []
      },
      "gridPos": {
        "h": 5,
        "w": 17,
        "x": 7,
        "y": 9
      },
      "id": 91,
      "interval": "1h",
      "options": {
        "legend": {
          "calcs": [],
          "displayMode": "list",
          "placement": "bottom",
          "showLegend": true
        },
        "tooltip": {
          "mode": "single",
          "sort": "none"
        }
      },
      "pluginVersion": "9.2.4",
      "targets": [
        {
          "datasource": {
            "type": "prometheus",
            "uid": "${ClusterName}"
          },
          "editorMode": "code",
          "exemplar": true,
          "expr": "sum(metadata_clientobject_active_count)",
          "hide": false,
          "interval": "",
          "legendFormat": "Cloud Scale ",
          "range": true,
          "refId": "B"
        },
        {
          "datasource": {
            "type": "prometheus",
            "uid": "${ClusterName}"
          },
          "editorMode": "code",
          "exemplar": true,
          "expr": "sum(storage_total_objects{store=\"aggregate\"})",
          "hide": false,
          "interval": "",
          "legendFormat": "S-nodes",
          "range": true,
          "refId": "A"
        }
      ],
      "timeFrom": "30d",
      "title": "Total Object Count - Client objects and S-node objects",
      "transformations": [],
      "type": "timeseries"
    },
    {
      "datasource": {
        "type": "prometheus",
        "uid": "${ClusterName}"
      },
      "description": "Sortable Capacity per bucket.  Change count be used to identify bucket activity.",
      "fieldConfig": {
        "defaults": {
          "color": {
            "mode": "thresholds"
          },
          "custom": {
            "align": "auto",
            "displayMode": "auto",
            "inspect": false,
            "minWidth": 100
          },
          "mappings": [],
          "thresholds": {
            "mode": "absolute",
            "steps": [
              {
                "color": "text",
                "value": null
              }
            ]
          },
          "unit": "bytes"
        },
        "overrides": [
          {
            "matcher": {
              "id": "byName",
              "options": "Value #B"
            },
            "properties": [
              {
                "id": "unit",
                "value": "short"
              }
            ]
          },
          {
            "matcher": {
              "id": "byName",
              "options": "Buckets"
            },
            "properties": [
              {
                "id": "custom.width",
                "value": 164
              }
            ]
          },
          {
            "matcher": {
              "id": "byName",
              "options": "Objects"
            },
            "properties": [
              {
                "id": "custom.width",
                "value": 120
              }
            ]
          },
          {
            "matcher": {
              "id": "byName",
              "options": "Avg object size"
            },
            "properties": [
              {
                "id": "custom.width",
                "value": 136
              },
              {
                "id": "mappings",
                "value": [
                  {
                    "options": {
                      "match": "null+nan",
                      "result": {
                        "index": 0,
                        "text": "-"
                      }
                    },
                    "type": "special"
                  }
                ]
              }
            ]
          },
          {
            "matcher": {
              "id": "byName",
              "options": "Capacity"
            },
            "properties": [
              {
                "id": "custom.width",
                "value": 99
              }
            ]
          }
        ]
      },
      "gridPos": {
        "h": 5,
        "w": 7,
        "x": 0,
        "y": 14
      },
      "id": 268,
      "links": [
        {
          "targetBlank": true,
          "title": "Details at Dashboard 4: Buckets Stats and Activity",
          "url": "/d/hcpcsdashboard4/hcp-for-cloud-scale-dashboard-4-buckets-stats-and-activity"
        }
      ],
      "maxDataPoints": 1,
      "options": {
        "footer": {
          "fields": "",
          "reducer": [
            "sum"
          ],
          "show": false
        },
        "showHeader": true,
        "sortBy": [
          {
            "desc": true,
            "displayName": "Capacity"
          }
        ]
      },
      "pluginVersion": "9.2.4",
      "targets": [
        {
          "datasource": {
            "type": "prometheus",
            "uid": "${ClusterName}"
          },
          "editorMode": "code",
          "exemplar": false,
          "expr": "sum by (bucket)(metadata_total_bytes_per_bucket{})",
          "format": "table",
          "interval": "",
          "legendFormat": "{{bucket}}",
          "range": true,
          "refId": "A"
        },
        {
          "datasource": {
            "type": "prometheus",
            "uid": "${ClusterName}"
          },
          "editorMode": "code",
          "exemplar": false,
          "expr": "sum by (bucket)(metadata_total_objects_per_bucket{})",
          "format": "table",
          "hide": false,
          "interval": "",
          "legendFormat": "{{bucket}}",
          "range": true,
          "refId": "B"
        },
        {
          "datasource": {
            "type": "prometheus",
            "uid": "${ClusterName}"
          },
          "editorMode": "code",
          "exemplar": false,
          "expr": "sum by (bucket)(metadata_total_bytes_per_bucket{}) / sum by (bucket)(metadata_total_objects_per_bucket{})",
          "format": "table",
          "hide": false,
          "interval": "",
          "legendFormat": "{{bucket}}",
          "range": true,
          "refId": "C"
        }
      ],
      "timeFrom": "1m",
      "title": "Capacity & Objects per bucket",
      "transformations": [
        {
          "id": "seriesToColumns",
          "options": {
            "byField": "bucket"
          }
        },
        {
          "id": "organize",
          "options": {
            "excludeByName": {
              "Time 1": true,
              "Time 2": true,
              "Time 3": true
            },
            "indexByName": {
              "Time 1": 3,
              "Time 2": 4,
              "Value #A": 1,
              "Value #B": 2,
              "bucket": 0
            },
            "renameByName": {
              "Time 1": "",
              "Time 2": "",
              "Value #A": "Capacity",
              "Value #B": "Objects",
              "Value #C": "Avg object size",
              "bucket": "Buckets"
            }
          }
        }
      ],
      "type": "table"
    },
    {
      "datasource": {
        "type": "prometheus",
        "uid": "${ClusterName}"
      },
      "description": "",
      "fieldConfig": {
        "defaults": {
          "color": {
            "mode": "palette-classic"
          },
          "custom": {
            "axisCenteredZero": false,
            "axisColorMode": "text",
            "axisLabel": "",
            "axisPlacement": "auto",
            "barAlignment": 0,
            "drawStyle": "line",
            "fillOpacity": 10,
            "gradientMode": "none",
            "hideFrom": {
              "legend": false,
              "tooltip": false,
              "viz": false
            },
            "lineInterpolation": "linear",
            "lineWidth": 3,
            "pointSize": 5,
            "scaleDistribution": {
              "type": "linear"
            },
            "showPoints": "auto",
            "spanNulls": false,
            "stacking": {
              "group": "A",
              "mode": "none"
            },
            "thresholdsStyle": {
              "mode": "off"
            }
          },
          "mappings": [],
          "thresholds": {
            "mode": "absolute",
            "steps": [
              {
                "color": "red",
                "value": null
              },
              {
                "color": "green",
                "value": 1
              }
            ]
          },
          "unit": "decbytes"
        },
        "overrides": []
      },
      "gridPos": {
        "h": 5,
        "w": 17,
        "x": 7,
        "y": 14
      },
      "hideTimeOverride": false,
      "id": 178,
      "interval": "1h",
      "options": {
        "legend": {
          "calcs": [],
          "displayMode": "list",
          "placement": "bottom",
          "showLegend": true
        },
        "tooltip": {
          "mode": "single",
          "sort": "none"
        }
      },
      "pluginVersion": "9.2.4",
      "targets": [
        {
          "datasource": {
            "type": "prometheus",
            "uid": "${ClusterName}"
          },
          "exemplar": true,
          "expr": "sum(metadata_total_bytes_per_bucket)",
          "hide": false,
          "interval": "",
          "legendFormat": "Cloud Scale ",
          "refId": "B"
        },
        {
          "datasource": {
            "type": "prometheus",
            "uid": "${ClusterName}"
          },
          "editorMode": "code",
          "exemplar": true,
          "expr": "sum(storage_total_capacity_bytes{store=\"aggregate\"})",
          "hide": false,
          "interval": "",
          "legendFormat": "S-nodes",
          "range": true,
          "refId": "A"
        }
      ],
      "timeFrom": "30d",
      "title": "Used Capacity ",
      "transformations": [],
      "type": "timeseries"
    },
    {
      "collapsed": true,
      "gridPos": {
        "h": 1,
        "w": 24,
        "x": 0,
        "y": 19
      },
      "id": 272,
      "panels": [
        {
          "datasource": {
            "type": "prometheus",
            "uid": "${ClusterName}"
          },
          "description": "Volume of Data written and read during reporting period",
          "fieldConfig": {
            "defaults": {
              "color": {
                "mode": "thresholds"
              },
              "mappings": [],
              "thresholds": {
                "mode": "absolute",
                "steps": [
                  {
                    "color": "text"
                  },
                  {
                    "color": "super-light-green",
                    "value": 1000000
                  },
                  {
                    "color": "light-green",
                    "value": 10000000
                  },
                  {
                    "color": "semi-dark-green",
                    "value": 100000000
                  },
                  {
                    "color": "light-blue",
                    "value": 1000000000
                  },
                  {
                    "color": "dark-blue",
                    "value": 10000000000
                  }
                ]
              },
              "unit": "bytes"
            },
            "overrides": []
          },
          "gridPos": {
            "h": 8,
            "w": 7,
            "x": 0,
            "y": 20
          },
          "id": 112,
          "options": {
            "colorMode": "value",
            "graphMode": "none",
            "justifyMode": "auto",
            "orientation": "horizontal",
            "reduceOptions": {
              "calcs": [
                "lastNotNull"
              ],
              "fields": "",
              "values": false
            },
            "text": {},
            "textMode": "auto"
          },
          "pluginVersion": "9.2.4",
          "targets": [
            {
              "datasource": {
                "type": "prometheus",
                "uid": "${ClusterName}"
              },
              "exemplar": true,
              "expr": "sum(http_s3_servlet_put_object_bytes_total{})",
              "hide": false,
              "interval": "",
              "legendFormat": "PUT",
              "refId": "C"
            },
            {
              "datasource": {
                "type": "prometheus",
                "uid": "${ClusterName}"
              },
              "exemplar": true,
              "expr": "sum(http_s3_servlet_put_object_part_bytes_total{})",
              "hide": false,
              "interval": "",
              "intervalFactor": 1,
              "legendFormat": "PUT-PARTS",
              "refId": "B"
            },
            {
              "datasource": {
                "type": "prometheus",
                "uid": "${ClusterName}"
              },
              "exemplar": true,
              "expr": "sum(http_s3_servlet_put_copied_bytes_total{})",
              "hide": false,
              "interval": "",
              "legendFormat": "PUT-COPY",
              "refId": "D"
            },
            {
              "datasource": {
                "type": "prometheus",
                "uid": "${ClusterName}"
              },
              "exemplar": true,
              "expr": "sum(http_s3_servlet_post_object_bytes_total{})",
              "hide": true,
              "interval": "",
              "legendFormat": "POST",
              "refId": "A"
            },
            {
              "datasource": {
                "type": "prometheus",
                "uid": "${ClusterName}"
              },
              "exemplar": true,
              "expr": "sum(http_s3_servlet_get_object_response_bytes_per_bucket_total{})",
              "hide": false,
              "interval": "",
              "legendFormat": "GET",
              "refId": "E"
            },
            {
              "datasource": {
                "type": "prometheus",
                "uid": "${ClusterName}"
              },
              "exemplar": true,
              "expr": "sum(http_s3_servlet_get_object_response_bytes_per_bucket{})",
              "hide": false,
              "interval": "",
              "legendFormat": "GET",
              "refId": "F"
            }
          ],
          "title": "Data Moved (Since Power-On)",
          "transformations": [],
          "type": "stat"
        },
        {
          "datasource": {
            "type": "prometheus",
            "uid": "${ClusterName}"
          },
          "description": "Volume of Data written and read during reporting period",
          "fieldConfig": {
            "defaults": {
              "color": {
                "mode": "palette-classic"
              },
              "custom": {
                "axisCenteredZero": false,
                "axisColorMode": "text",
                "axisLabel": "",
                "axisPlacement": "auto",
                "barAlignment": 0,
                "drawStyle": "line",
                "fillOpacity": 10,
                "gradientMode": "none",
                "hideFrom": {
                  "legend": false,
                  "tooltip": false,
                  "viz": false
                },
                "lineInterpolation": "linear",
                "lineWidth": 3,
                "pointSize": 5,
                "scaleDistribution": {
                  "type": "linear"
                },
                "showPoints": "auto",
                "spanNulls": false,
                "stacking": {
                  "group": "A",
                  "mode": "none"
                },
                "thresholdsStyle": {
                  "mode": "off"
                }
              },
              "mappings": [],
              "thresholds": {
                "mode": "absolute",
                "steps": [
                  {
                    "color": "text"
                  },
                  {
                    "color": "super-light-green",
                    "value": 1000000
                  },
                  {
                    "color": "light-green",
                    "value": 10000000
                  },
                  {
                    "color": "semi-dark-green",
                    "value": 100000000
                  },
                  {
                    "color": "light-blue",
                    "value": 1000000000
                  },
                  {
                    "color": "dark-blue",
                    "value": 10000000000
                  }
                ]
              },
              "unit": "bytes"
            },
            "overrides": []
          },
          "gridPos": {
            "h": 8,
            "w": 17,
            "x": 7,
            "y": 20
          },
          "id": 111,
          "options": {
            "legend": {
              "calcs": [],
              "displayMode": "list",
              "placement": "bottom",
              "showLegend": true
            },
            "tooltip": {
              "mode": "single",
              "sort": "none"
            }
          },
          "pluginVersion": "9.2.4",
          "targets": [
            {
              "datasource": {
                "type": "prometheus",
                "uid": "${ClusterName}"
              },
              "exemplar": true,
              "expr": "sum(http_s3_servlet_put_object_bytes_total{})",
              "hide": false,
              "interval": "",
              "legendFormat": "PUT",
              "refId": "C"
            },
            {
              "datasource": {
                "type": "prometheus",
                "uid": "${ClusterName}"
              },
              "exemplar": true,
              "expr": "sum(http_s3_servlet_put_object_part_bytes_total{})",
              "hide": false,
              "interval": "",
              "intervalFactor": 1,
              "legendFormat": "PUT-PARTS",
              "refId": "B"
            },
            {
              "datasource": {
                "type": "prometheus",
                "uid": "${ClusterName}"
              },
              "exemplar": true,
              "expr": "sum(http_s3_servlet_put_copied_bytes_total)",
              "hide": false,
              "interval": "",
              "legendFormat": "PUT-COPY",
              "refId": "D"
            },
            {
              "datasource": {
                "type": "prometheus",
                "uid": "${ClusterName}"
              },
              "exemplar": true,
              "expr": "sum(http_s3_servlet_post_object_bytes_total{})",
              "hide": true,
              "interval": "",
              "legendFormat": "POST{{instance}}",
              "refId": "A"
            },
            {
              "datasource": {
                "type": "prometheus",
                "uid": "${ClusterName}"
              },
              "exemplar": true,
              "expr": "sum(http_s3_servlet_get_object_response_bytes_per_bucket{})",
              "hide": false,
              "interval": "",
              "legendFormat": "GET",
              "refId": "E"
            },
            {
              "datasource": {
                "type": "prometheus",
                "uid": "${ClusterName}"
              },
              "exemplar": true,
              "expr": "sum(http_s3_servlet_get_object_response_bytes_per_bucket_total{})",
              "hide": false,
              "interval": "",
              "legendFormat": "GET",
              "refId": "F"
            }
          ],
          "title": "Data Moved (Since Power-on)",
          "transformations": [],
          "type": "timeseries"
        }
      ],
      "title": "Recently Moved Data ",
      "type": "row"
    },
    {
      "collapsed": true,
      "datasource": {
        "type": "prometheus",
        "uid": "${ClusterName}"
      },
      "gridPos": {
        "h": 1,
        "w": 24,
        "x": 0,
        "y": 20
      },
      "id": 186,
      "panels": [],
      "targets": [
        {
          "datasource": {
            "type": "prometheus",
            "uid": "${ClusterName}"
          },
          "refId": "A"
        }
      ],
      "title": "Object Count Information",
      "type": "row"
    },
    {
      "datasource": {
        "type": "prometheus",
        "uid": "${ClusterName}"
      },
      "description": "",
      "fieldConfig": {
        "defaults": {
          "color": {
            "mode": "thresholds"
          },
          "mappings": [],
          "thresholds": {
            "mode": "absolute",
            "steps": [
              {
                "color": "red",
                "value": null
              },
              {
                "color": "blue",
                "value": 1
              }
            ]
          },
          "unit": "short"
        },
        "overrides": []
      },
      "gridPos": {
        "h": 4,
        "w": 7,
        "x": 0,
        "y": 21
      },
      "id": 265,
      "maxDataPoints": 1000,
      "options": {
        "colorMode": "value",
        "graphMode": "none",
        "justifyMode": "auto",
        "orientation": "auto",
        "reduceOptions": {
          "calcs": [
            "lastNotNull"
          ],
          "fields": "",
          "values": false
        },
        "text": {},
        "textMode": "auto"
      },
      "pluginVersion": "9.2.4",
      "targets": [
        {
          "datasource": {
            "type": "prometheus",
            "uid": "${ClusterName}"
          },
          "exemplar": true,
          "expr": "sum(metadata_clientobject_active_count)",
          "hide": false,
          "interval": "",
          "legendFormat": "Total",
          "refId": "B"
        },
        {
          "datasource": {
            "type": "prometheus",
            "uid": "${ClusterName}"
          },
          "exemplar": true,
          "expr": "metadata_clientobject_active_count",
          "hide": true,
          "interval": "",
          "legendFormat": "",
          "refId": "A"
        }
      ],
      "timeFrom": "30d",
      "title": "Cloud Scale Object Count",
      "transformations": [
        {
          "disabled": true,
          "id": "labelsToFields",
          "options": {
            "valueLabel": "instance"
          }
        },
        {
          "disabled": true,
          "id": "merge",
          "options": {}
        },
        {
          "disabled": true,
          "id": "organize",
          "options": {
            "excludeByName": {
              "job": true
            },
            "indexByName": {},
            "renameByName": {
              "Value": "Total (all Nodes)",
              "job": ""
            }
          }
        },
        {
          "disabled": true,
          "id": "reduce",
          "options": {
            "reducers": [
              "last"
            ]
          }
        },
        {
          "disabled": true,
          "id": "organize",
          "options": {
            "excludeByName": {},
            "indexByName": {},
            "renameByName": {
              "Field": "Node",
              "Last": "# Objects"
            }
          }
        }
      ],
      "type": "stat"
    },
    {
      "datasource": {
        "type": "prometheus",
        "uid": "${ClusterName}"
      },
      "description": "",
      "fieldConfig": {
        "defaults": {
          "color": {
            "mode": "thresholds"
          },
          "decimals": 2,
          "mappings": [],
          "thresholds": {
            "mode": "absolute",
            "steps": [
              {
                "color": "blue",
                "value": null
              }
            ]
          },
          "unit": "short"
        },
        "overrides": []
      },
      "gridPos": {
        "h": 2,
        "w": 8,
        "x": 7,
        "y": 21
      },
      "id": 4,
      "options": {
        "colorMode": "value",
        "graphMode": "area",
        "justifyMode": "auto",
        "orientation": "auto",
        "reduceOptions": {
          "calcs": [
            "lastNotNull"
          ],
          "fields": "",
          "values": false
        },
        "text": {},
        "textMode": "auto"
      },
      "pluginVersion": "9.2.4",
      "targets": [
        {
          "datasource": {
            "type": "prometheus",
            "uid": "${ClusterName}"
          },
          "exemplar": true,
          "expr": "storage_total_objects{store=\"aggregate\"}",
          "interval": "",
          "legendFormat": "All",
          "refId": "A"
        }
      ],
      "title": "S-node Total Object Count",
      "transformations": [
        {
          "id": "reduce",
          "options": {
            "reducers": [
              "last"
            ]
          }
        }
      ],
      "type": "stat"
    },
    {
      "datasource": {
        "type": "prometheus",
        "uid": "${ClusterName}"
      },
      "description": "The number of objects/parts to be deleted on S-nodes. It's NOT the same as the number of client objects to be deleted if S3 multipart upload is used.\nIt's the number of objects/parts to be deleted on S-nodes.\nIt also includes small objects (DEKs) created on S-nodes as a result encryption rekey process, if any.",
      "fieldConfig": {
        "defaults": {
          "color": {
            "mode": "thresholds"
          },
          "decimals": 2,
          "mappings": [
            {
              "options": {
                "from": -1000000000000000,
                "result": {
                  "color": "super-light-blue",
                  "index": 0,
                  "text": "No Data"
                },
                "to": 0
              },
              "type": "range"
            }
          ],
          "max": 1,
          "min": 0,
          "thresholds": {
            "mode": "absolute",
            "steps": [
              {
                "color": "dark-green",
                "value": null
              },
              {
                "color": "yellow",
                "value": 10000000
              },
              {
                "color": "orange",
                "value": 25000000
              }
            ]
          },
          "unit": "short"
        },
        "overrides": []
      },
      "gridPos": {
        "h": 5,
        "w": 9,
        "x": 15,
        "y": 21
      },
      "id": 274,
      "options": {
        "colorMode": "value",
        "graphMode": "area",
        "justifyMode": "auto",
        "orientation": "horizontal",
        "reduceOptions": {
          "calcs": [
            "lastNotNull"
          ],
          "fields": "",
          "values": false
        },
        "text": {
          "titleSize": 20,
          "valueSize": 30
        },
        "textMode": "auto"
      },
      "pluginVersion": "9.2.4",
      "targets": [
        {
          "datasource": {
            "type": "prometheus",
            "uid": "${ClusterName}"
          },
          "editorMode": "code",
          "exemplar": true,
          "expr": "(sum(storage_total_objects{store=\"aggregate\"}) - sum(metadata_clientobject_part_active_count)) * (count(sum(lifecycle_policy_rekey_initiated_count_total OR on() vector(0)) ==0) + (count(sum(lifecycle_policy_rekey_initiated_count_total) > 1) OR on() vector(0)) )",
          "hide": false,
          "interval": "",
          "legendFormat": "",
          "range": true,
          "refId": "B"
        },
        {
          "datasource": {
            "type": "prometheus",
            "uid": "${ClusterName}"
          },
          "editorMode": "code",
          "exemplar": true,
          "expr": "(sum(storage_total_objects{store=\"aggregate\"} OR on() vector(0)) - sum(metadata_clientobject_part_active_count OR on() vector(0)) - sum(lifecycle_policy_rekey_accept_latency_seconds_count OR on() vector(0)))",
          "hide": true,
          "interval": "",
          "legendFormat": "",
          "range": true,
          "refId": "A"
        }
      ],
      "title": "Backlog of Undeleted Objects/Parts on S-nodes.",
      "type": "stat"
    },
    {
      "datasource": {
        "type": "prometheus",
        "uid": "${ClusterName}"
      },
      "description": "Table of capacity by S-node",
      "fieldConfig": {
        "defaults": {
          "color": {
            "mode": "thresholds"
          },
          "custom": {
            "align": "auto",
            "displayMode": "auto",
            "filterable": false,
            "inspect": false
          },
          "decimals": 2,
          "mappings": [],
          "thresholds": {
            "mode": "percentage",
            "steps": [
              {
                "color": "green",
                "value": null
              },
              {
                "color": "red",
                "value": 80
              }
            ]
          },
          "unit": "short"
        },
        "overrides": [
          {
            "matcher": {
              "id": "byName",
              "options": "Last"
            },
            "properties": [
              {
                "id": "custom.width",
                "value": 83
              }
            ]
          },
          {
            "matcher": {
              "id": "byName",
              "options": "Field"
            },
            "properties": [
              {
                "id": "custom.width",
                "value": 142
              }
            ]
          },
          {
            "matcher": {
              "id": "byName",
              "options": "Full"
            },
            "properties": [
              {
                "id": "custom.width",
                "value": 70
              }
            ]
          },
          {
            "matcher": {
              "id": "byName",
              "options": "% Full"
            },
            "properties": [
              {
                "id": "custom.width",
                "value": 98
              }
            ]
          },
          {
            "matcher": {
              "id": "byName",
              "options": "Node"
            },
            "properties": [
              {
                "id": "custom.width",
                "value": 353
              }
            ]
          },
          {
            "matcher": {
              "id": "byName",
              "options": "Count"
            },
            "properties": [
              {
                "id": "custom.width",
                "value": 95
              }
            ]
          }
        ]
      },
      "gridPos": {
        "h": 10,
        "w": 8,
        "x": 7,
        "y": 23
      },
      "id": 73,
      "options": {
        "footer": {
          "fields": "",
          "reducer": [
            "sum"
          ],
          "show": false
        },
        "showHeader": true,
        "sortBy": []
      },
      "pluginVersion": "9.2.4",
      "targets": [
        {
          "datasource": {
            "type": "prometheus",
            "uid": "${ClusterName}"
          },
          "exemplar": true,
          "expr": "storage_total_objects{store!=\"aggregate\"}",
          "hide": false,
          "interval": "",
          "legendFormat": "{{store}}",
          "refId": "A"
        }
      ],
      "title": "S-node Object Count breakdown",
      "transformations": [
        {
          "id": "reduce",
          "options": {
            "reducers": [
              "last"
            ]
          }
        },
        {
          "id": "sortBy",
          "options": {
            "fields": {},
            "sort": [
              {
                "desc": false,
                "field": "Last"
              }
            ]
          }
        },
        {
          "id": "organize",
          "options": {
            "excludeByName": {},
            "indexByName": {
              "Field": 0,
              "Last": 1
            },
            "renameByName": {
              "Field": "Node",
              "Last": "Count"
            }
          }
        }
      ],
      "type": "table"
    },
    {
      "datasource": {
        "type": "prometheus",
        "uid": "${ClusterName}"
      },
      "description": "",
      "fieldConfig": {
        "defaults": {
          "color": {
            "mode": "palette-classic"
          },
          "custom": {
            "axisCenteredZero": false,
            "axisColorMode": "text",
            "axisLabel": "",
            "axisPlacement": "auto",
            "barAlignment": 0,
            "drawStyle": "line",
            "fillOpacity": 10,
            "gradientMode": "none",
            "hideFrom": {
              "legend": false,
              "tooltip": false,
              "viz": false
            },
            "lineInterpolation": "linear",
            "lineWidth": 3,
            "pointSize": 5,
            "scaleDistribution": {
              "type": "linear"
            },
            "showPoints": "auto",
            "spanNulls": false,
            "stacking": {
              "group": "A",
              "mode": "none"
            },
            "thresholdsStyle": {
              "mode": "off"
            }
          },
          "mappings": [],
          "thresholds": {
            "mode": "absolute",
            "steps": [
              {
                "color": "red",
                "value": null
              },
              {
                "color": "green",
                "value": 1
              }
            ]
          },
          "unit": "short"
        },
        "overrides": []
      },
      "gridPos": {
        "h": 8,
        "w": 7,
        "x": 0,
        "y": 25
      },
      "id": 266,
      "options": {
        "legend": {
          "calcs": [],
          "displayMode": "list",
          "placement": "bottom",
          "showLegend": true
        },
        "tooltip": {
          "mode": "single",
          "sort": "none"
        }
      },
      "pluginVersion": "9.2.4",
      "targets": [
        {
          "datasource": {
            "type": "prometheus",
            "uid": "${ClusterName}"
          },
          "exemplar": true,
          "expr": "sum(metadata_clientobject_active_count)",
          "hide": false,
          "interval": "",
          "legendFormat": "Total",
          "refId": "B"
        },
        {
          "datasource": {
            "type": "prometheus",
            "uid": "${ClusterName}"
          },
          "exemplar": true,
          "expr": "metadata_clientobject_active_count",
          "hide": true,
          "interval": "",
          "legendFormat": "",
          "refId": "A"
        }
      ],
      "title": "Cloud Scale Object Count",
      "transformations": [
        {
          "disabled": true,
          "id": "labelsToFields",
          "options": {
            "valueLabel": "instance"
          }
        },
        {
          "disabled": true,
          "id": "merge",
          "options": {}
        },
        {
          "disabled": true,
          "id": "organize",
          "options": {
            "excludeByName": {
              "job": true
            },
            "indexByName": {},
            "renameByName": {
              "Value": "Total (all Nodes)",
              "job": ""
            }
          }
        },
        {
          "disabled": true,
          "id": "reduce",
          "options": {
            "reducers": [
              "last"
            ]
          }
        },
        {
          "disabled": true,
          "id": "organize",
          "options": {
            "excludeByName": {},
            "indexByName": {},
            "renameByName": {
              "Field": "Node",
              "Last": "# Objects"
            }
          }
        }
      ],
      "type": "timeseries"
    },
    {
      "datasource": {
        "type": "prometheus",
        "uid": "${ClusterName}"
      },
      "description": "Storage Object Recovery Queue",
      "fieldConfig": {
        "defaults": {
          "color": {
            "mode": "thresholds"
          },
          "decimals": 1,
          "mappings": [
            {
              "options": {
                "-Infinity": {
                  "color": "super-light-blue",
                  "index": 0,
                  "text": "No Data"
                }
              },
              "type": "value"
            }
          ],
          "max": 1,
          "min": 0,
          "thresholds": {
            "mode": "absolute",
            "steps": [
              {
                "color": "dark-green",
                "value": null
              },
              {
                "color": "green",
                "value": 0.1
              },
              {
                "color": "yellow",
                "value": 0.3
              },
              {
                "color": "orange",
                "value": 0.5
              }
            ]
          },
          "unit": "percentunit"
        },
        "overrides": []
      },
      "gridPos": {
        "h": 7,
        "w": 9,
        "x": 15,
        "y": 26
      },
      "id": 223,
      "options": {
        "orientation": "horizontal",
        "reduceOptions": {
          "calcs": [
            "lastNotNull"
          ],
          "fields": "",
          "values": false
        },
        "showThresholdLabels": false,
        "showThresholdMarkers": true,
        "text": {
          "titleSize": 20,
          "valueSize": 30
        }
      },
      "pluginVersion": "9.2.4",
      "targets": [
        {
          "datasource": {
            "type": "prometheus",
            "uid": "${ClusterName}"
          },
          "editorMode": "code",
          "exemplar": true,
          "expr": "(sum(storage_total_objects{store=\"aggregate\"}) - sum(metadata_clientobject_part_active_count)) * (count(sum(lifecycle_policy_rekey_initiated_count_total OR on() vector(0)) ==0) + (count(sum(lifecycle_policy_rekey_initiated_count_total) > 1) OR on() vector(0)) ) / sum(storage_total_objects{store=\"aggregate\"})",
          "interval": "",
          "legendFormat": "",
          "range": true,
          "refId": "A"
        }
      ],
      "timeFrom": "24h",
      "title": "Undeleted Objects Backlog ",
      "type": "gauge"
    },
    {
      "collapsed": true,
      "datasource": {
        "type": "prometheus",
        "uid": "${ClusterName}"
      },
      "gridPos": {
        "h": 1,
        "w": 24,
        "x": 0,
        "y": 33
      },
      "id": 192,
      "panels": [
        {
          "datasource": {
            "type": "prometheus",
            "uid": "${ClusterName}"
          },
          "description": "",
          "fieldConfig": {
            "defaults": {
              "color": {
                "mode": "thresholds"
              },
              "mappings": [],
              "thresholds": {
                "mode": "absolute",
                "steps": [
                  {
                    "color": "red"
                  },
                  {
                    "color": "green",
                    "value": 1
                  }
                ]
              },
              "unit": "bytes"
            },
            "overrides": []
          },
          "gridPos": {
            "h": 4,
            "w": 5,
            "x": 0,
            "y": 22
          },
          "id": 194,
          "options": {
            "colorMode": "value",
            "graphMode": "area",
            "justifyMode": "auto",
            "orientation": "auto",
            "reduceOptions": {
              "calcs": [
                "lastNotNull"
              ],
              "fields": "",
              "values": false
            },
            "text": {},
            "textMode": "auto"
          },
          "pluginVersion": "9.2.4",
          "targets": [
            {
              "datasource": {
                "type": "prometheus",
                "uid": "${ClusterName}"
              },
              "exemplar": true,
              "expr": "sum(metadata_total_bytes_per_bucket)",
              "hide": false,
              "interval": "",
              "legendFormat": "Total",
              "refId": "B"
            }
          ],
          "title": "Cloud Scale Used Capacity",
          "transformations": [
            {
              "id": "labelsToFields",
              "options": {
                "valueLabel": "instance"
              }
            },
            {
              "id": "organize",
              "options": {
                "excludeByName": {
                  "job": true
                },
                "indexByName": {},
                "renameByName": {
                  "Value": "Total (all Nodes)",
                  "job": ""
                }
              }
            },
            {
              "id": "reduce",
              "options": {
                "reducers": [
                  "last"
                ]
              }
            },
            {
              "id": "organize",
              "options": {
                "excludeByName": {},
                "indexByName": {},
                "renameByName": {
                  "Field": "Node",
                  "Last": "# Objects"
                }
              }
            }
          ],
          "type": "stat"
        },
        {
          "datasource": {
            "type": "prometheus",
            "uid": "${ClusterName}"
          },
          "description": "",
          "fieldConfig": {
            "defaults": {
              "color": {
                "mode": "thresholds"
              },
              "decimals": 2,
              "mappings": [],
              "thresholds": {
                "mode": "absolute",
                "steps": [
                  {
                    "color": "blue"
                  }
                ]
              },
              "unit": "bytes"
            },
            "overrides": []
          },
          "gridPos": {
            "h": 4,
            "w": 7,
            "x": 5,
            "y": 22
          },
          "id": 176,
          "options": {
            "colorMode": "value",
            "graphMode": "area",
            "justifyMode": "auto",
            "orientation": "auto",
            "reduceOptions": {
              "calcs": [
                "lastNotNull"
              ],
              "fields": "",
              "values": false
            },
            "text": {},
            "textMode": "auto"
          },
          "pluginVersion": "9.2.4",
          "targets": [
            {
              "datasource": {
                "type": "prometheus",
                "uid": "${ClusterName}"
              },
              "exemplar": true,
              "expr": "storage_used_capacity_bytes{store=\"aggregate\"}",
              "interval": "",
              "legendFormat": "All",
              "refId": "A"
            }
          ],
          "title": "S-node Total Used Capacity",
          "transformations": [
            {
              "id": "reduce",
              "options": {
                "reducers": [
                  "last"
                ]
              }
            }
          ],
          "type": "stat"
        },
        {
          "datasource": {
            "type": "prometheus",
            "uid": "${ClusterName}"
          },
          "description": "Table of capacity by S-node",
          "fieldConfig": {
            "defaults": {
              "color": {
                "mode": "thresholds"
              },
              "custom": {
                "align": "left",
                "displayMode": "auto",
                "filterable": false,
                "inspect": false
              },
              "decimals": 2,
              "mappings": [],
              "thresholds": {
                "mode": "percentage",
                "steps": [
                  {
                    "color": "green"
                  },
                  {
                    "color": "red",
                    "value": 80
                  }
                ]
              },
              "unit": "percentunit"
            },
            "overrides": [
              {
                "matcher": {
                  "id": "byName",
                  "options": "Last"
                },
                "properties": [
                  {
                    "id": "custom.width",
                    "value": 83
                  }
                ]
              },
              {
                "matcher": {
                  "id": "byName",
                  "options": "Field"
                },
                "properties": [
                  {
                    "id": "custom.width",
                    "value": 142
                  }
                ]
              },
              {
                "matcher": {
                  "id": "byName",
                  "options": "Full"
                },
                "properties": [
                  {
                    "id": "custom.width",
                    "value": 70
                  }
                ]
              },
              {
                "matcher": {
                  "id": "byName",
                  "options": "% Full"
                },
                "properties": [
                  {
                    "id": "custom.width",
                    "value": 98
                  }
                ]
              },
              {
                "matcher": {
                  "id": "byName",
                  "options": "Node"
                },
                "properties": [
                  {
                    "id": "custom.width",
                    "value": 308
                  }
                ]
              }
            ]
          },
          "gridPos": {
            "h": 6,
            "w": 7,
            "x": 12,
            "y": 22
          },
          "id": 57,
          "options": {
            "footer": {
              "fields": "",
              "reducer": [
                "sum"
              ],
              "show": false
            },
            "showHeader": true,
            "sortBy": []
          },
          "pluginVersion": "9.2.4",
          "targets": [
            {
              "datasource": {
                "type": "prometheus",
                "uid": "${ClusterName}"
              },
              "exemplar": true,
              "expr": "storage_used_capacity_bytes{store!=\"aggregate\"}/storage_total_capacity_bytes{store!=\"aggregate\"}",
              "hide": false,
              "interval": "",
              "legendFormat": "{{store}}",
              "refId": "A"
            }
          ],
          "title": "Snode Used Capacity breakdown",
          "transformations": [
            {
              "id": "reduce",
              "options": {
                "reducers": [
                  "last"
                ]
              }
            },
            {
              "id": "sortBy",
              "options": {
                "fields": {},
                "sort": [
                  {
                    "desc": false,
                    "field": "Last"
                  }
                ]
              }
            },
            {
              "id": "organize",
              "options": {
                "excludeByName": {},
                "indexByName": {
                  "Field": 0,
                  "Last": 1
                },
                "renameByName": {
                  "Field": "Node",
                  "Last": "% Full"
                }
              }
            }
          ],
          "type": "table"
        }
      ],
      "targets": [
        {
          "datasource": {
            "type": "prometheus",
            "uid": "${ClusterName}"
          },
          "refId": "A"
        }
      ],
      "title": "System Capacity Information",
      "type": "row"
    }
  ],
  "refresh": false,
  "schemaVersion": 37,
  "style": "dark",
  "tags": [
    "cloudscale"
  ],
  "templating": {
    "list": [
      {
        "current": {
          "selected": false,
          "text": "PrometheusLocal",
          "value": "PrometheusLocal"
        },
        "description": "Choose a Cluster to Connect and Display",
        "hide": 0,
        "includeAll": false,
        "label": "Choose  Cluster",
        "multi": false,
        "name": "ClusterName",
        "options": [],
        "query": "prometheus",
        "queryValue": "",
        "refresh": 1,
        "regex": "",
        "skipUrlSync": false,
        "type": "datasource"
      },
      {
        "current": {
          "selected": false,
          "text": "None",
          "value": ""
        },
        "datasource": {
          "type": "prometheus",
          "uid": "${ClusterName}"
        },
        "definition": "label_values(node_uname_info, job)",
        "hide": 2,
        "includeAll": false,
        "label": "Job",
        "multi": false,
        "name": "job",
        "options": [],
        "query": {
          "query": "label_values(node_uname_info, job)",
          "refId": "StandardVariableQuery"
        },
        "refresh": 1,
        "regex": "",
        "skipUrlSync": false,
        "sort": 0,
        "type": "query"
      },
      {
        "allValue": ".*",
        "current": {
          "selected": false,
          "text": "All",
          "value": "$__all"
        },
        "datasource": {
          "type": "prometheus",
          "uid": "${ClusterName}"
        },
        "definition": "label_values(node_uname_info{job=\"$job\"}, instance)",
        "hide": 2,
        "includeAll": true,
        "label": "Host:",
        "multi": false,
        "name": "node",
        "options": [],
        "query": {
          "query": "label_values(node_uname_info{job=\"$job\"}, instance)",
          "refId": "StandardVariableQuery"
        },
        "refresh": 1,
        "regex": "",
        "skipUrlSync": false,
        "sort": 2,
        "type": "query"
      },
      {
        "description": "WildCard",
        "hide": 2,
        "label": "WildCard",
        "name": "allnodes",
        "query": "${VAR_ALLNODES}",
        "skipUrlSync": false,
        "type": "constant"
      },
      {
        "current": {
          "selected": false,
          "text": "^docker.*$|^lo$",
          "value": "^docker.*$|^lo$"
        },
        "hide": 2,
        "includeAll": false,
        "label": "Exclude_Device",
        "multi": false,
        "name": "excl_net",
        "options": [
          {
            "selected": true,
            "text": "^docker.*$|^lo$",
            "value": "^docker.*$|^lo$"
          }
        ],
        "query": "^docker.*$|^lo$",
        "skipUrlSync": false,
        "type": "custom"
      }
    ]
  },
  "time": {
    "from": "now-24h",
    "to": "now"
  },
  "timepicker": {},
  "timezone": "utc",
  "title": "HCP for Cloud Scale - Dashboard 2: System Overview",
  "uid": "hcpcsdashboard2",
  "version": 1,
  "weekStart": ""
}