{
  "annotations": {
    "list": [
      {
        "builtIn": 1,
        "datasource": {
          "type": "datasource",
          "uid": "grafana"
        },
        "enable": true,
        "hide": true,
        "iconColor": "rgba(0, 211, 255, 1)",
        "name": "Annotations & Alerts",
        "target": {
          "limit": 100,
          "matchAny": false,
          "tags": [],
          "type": "dashboard"
        },
        "type": "dashboard"
      }
    ]
  },
  "description": "",
  "editable": true,
  "fiscalYearStartMonth": 0,
  "graphTooltip": 0,
  "id": 6,
  "links": [
    {
      "asDropdown": true,
      "icon": "external link",
      "includeVars": true,
      "keepTime": true,
      "tags": [
        "cloudscale"
      ],
      "targetBlank": false,
      "title": "Related Dashboards",
      "tooltip": "",
      "type": "dashboards",
      "url": ""
    }
  ],
  "liveNow": false,
  "panels": [
    {
      "collapsed": false,
      "datasource": {
        "type": "prometheus",
        "uid": "${ClusterName}"
      },
      "gridPos": {
        "h": 1,
        "w": 24,
        "x": 0,
        "y": 0
      },
      "id": 213,
      "panels": [],
      "targets": [
        {
          "datasource": {
            "type": "prometheus",
            "uid": "${ClusterName}"
          },
          "refId": "A"
        }
      ],
      "title": "System Encryption Overview",
      "type": "row"
    },
    {
      "datasource": {
        "type": "prometheus",
        "uid": "${ClusterName}"
      },
      "description": "Displays the percentage of encrypted Objects, system wide",
      "fieldConfig": {
        "defaults": {
          "color": {
            "mode": "thresholds"
          },
          "mappings": [
            {
              "options": {
                "0": {
                  "color": "text",
                  "index": 0,
                  "text": "OFF"
                },
                "100": {
                  "color": "dark-green",
                  "index": 1,
                  "text": "100%"
                }
              },
              "type": "value"
            },
            {
              "options": {
                "from": 0,
                "result": {
                  "color": "yellow",
                  "index": 2,
                  "text": "<1%"
                },
                "to": 1
              },
              "type": "range"
            },
            {
              "options": {
                "from": 99,
                "result": {
                  "color": "yellow",
                  "index": 3,
                  "text": "99%"
                },
                "to": 100
              },
              "type": "range"
            }
          ],
          "noValue": "N/A",
          "thresholds": {
            "mode": "percentage",
            "steps": [
              {
                "color": "yellow",
                "value": null
              }
            ]
          },
          "unit": "percent"
        },
        "overrides": []
      },
      "gridPos": {
        "h": 4,
        "w": 2,
        "x": 0,
        "y": 1
      },
      "id": 268,
      "options": {
        "colorMode": "value",
        "graphMode": "none",
        "justifyMode": "auto",
        "orientation": "auto",
        "reduceOptions": {
          "calcs": [
            "lastNotNull"
          ],
          "fields": "",
          "values": false
        },
        "text": {
          "titleSize": 30,
          "valueSize": 49
        },
        "textMode": "value"
      },
      "pluginVersion": "9.2.4",
      "targets": [
        {
          "datasource": {
            "type": "prometheus",
            "uid": "${ClusterName}"
          },
          "exemplar": true,
          "expr": "100*(sum(metadata_clientobject_active_encrypted_count))/(sum(metadata_clientobject_active_unencrypted_count)+sum(metadata_clientobject_active_encrypted_count))\r\n",
          "hide": false,
          "interval": "",
          "legendFormat": " ",
          "refId": "B"
        }
      ],
      "title": "Encrypted Objects",
      "transformations": [],
      "type": "stat"
    },
    {
      "datasource": {
        "type": "prometheus",
        "uid": "${ClusterName}"
      },
      "description": "The total number of un-encrypted objects",
      "fieldConfig": {
        "defaults": {
          "color": {
            "mode": "thresholds"
          },
          "mappings": [
            {
              "options": {
                "match": "null+nan",
                "result": {
                  "index": 0,
                  "text": "0"
                }
              },
              "type": "special"
            }
          ],
          "thresholds": {
            "mode": "absolute",
            "steps": [
              {
                "color": "text",
                "value": null
              },
              {
                "color": "blue",
                "value": 1
              }
            ]
          },
          "unit": "short"
        },
        "overrides": []
      },
      "gridPos": {
        "h": 2,
        "w": 3,
        "x": 2,
        "y": 1
      },
      "id": 262,
      "options": {
        "colorMode": "value",
        "graphMode": "none",
        "justifyMode": "auto",
        "orientation": "auto",
        "reduceOptions": {
          "calcs": [
            "lastNotNull"
          ],
          "fields": "",
          "values": false
        },
        "text": {
          "titleSize": 36,
          "valueSize": 36
        },
        "textMode": "auto"
      },
      "pluginVersion": "9.2.4",
      "targets": [
        {
          "datasource": {
            "type": "prometheus",
            "uid": "${ClusterName}"
          },
          "editorMode": "code",
          "exemplar": true,
          "expr": "sum(metadata_clientobject_active_unencrypted_count)",
          "hide": false,
          "interval": "",
          "legendFormat": "{{label_name}}",
          "range": true,
          "refId": "A"
        }
      ],
      "title": "Total Un-Encrypted Objects",
      "transformations": [
        {
          "id": "renameByRegex",
          "options": {
            "regex": "{instance=\"([^:/ ]+).?([0-9]*).*",
            "renamePattern": "$1"
          }
        }
      ],
      "type": "stat"
    },
    {
      "datasource": {
        "type": "prometheus",
        "uid": "${ClusterName}"
      },
      "description": "Checks the Health of the EXTERNAL KMS (Key Management Server) - e.g all are online",
      "fieldConfig": {
        "defaults": {
          "mappings": [
            {
              "options": {
                "-infinity": {
                  "color": "text",
                  "index": 4,
                  "text": "None Configured"
                },
                "0.1": {
                  "color": "yellow",
                  "index": 1,
                  "text": "All KMS Offline"
                },
                "Infinity": {
                  "color": "text",
                  "index": 3,
                  "text": "None Configured"
                }
              },
              "type": "value"
            },
            {
              "options": {
                "from": 0,
                "result": {
                  "color": "light-yellow",
                  "index": 0,
                  "text": "Offline KMS Detected"
                },
                "to": 0.99999
              },
              "type": "range"
            },
            {
              "options": {
                "match": "null+nan",
                "result": {
                  "color": "text",
                  "index": 2,
                  "text": "None Configured"
                }
              },
              "type": "special"
            },
            {
              "options": {
                "from": 1,
                "result": {
                  "color": "green",
                  "index": 5,
                  "text": "Healthy"
                },
                "to": 2
              },
              "type": "range"
            }
          ],
          "min": 0,
          "thresholds": {
            "mode": "absolute",
            "steps": [
              {
                "color": "semi-dark-red",
                "value": null
              }
            ]
          },
          "unit": "short"
        },
        "overrides": []
      },
      "gridPos": {
        "h": 4,
        "w": 3,
        "x": 5,
        "y": 1
      },
      "id": 295,
      "options": {
        "colorMode": "background",
        "graphMode": "none",
        "justifyMode": "auto",
        "orientation": "vertical",
        "reduceOptions": {
          "calcs": [],
          "fields": "",
          "values": false
        },
        "text": {
          "titleSize": 20,
          "valueSize": 30
        },
        "textMode": "auto"
      },
      "pluginVersion": "9.2.4",
      "targets": [
        {
          "datasource": {
            "type": "prometheus",
            "uid": "${ClusterName}"
          },
          "editorMode": "code",
          "exemplar": false,
          "expr": "(0.1+sum(kmip_servers_online)) / (sum(kmip_servers_online) + sum(kmip_servers_offline))",
          "hide": false,
          "instant": false,
          "interval": "",
          "legendFormat": "",
          "range": true,
          "refId": "A"
        }
      ],
      "title": "External KMS Health",
      "transformations": [
        {
          "id": "reduce",
          "options": {
            "reducers": [
              "lastNotNull"
            ]
          }
        }
      ],
      "type": "stat"
    },
    {
      "datasource": {
        "type": "prometheus",
        "uid": "${ClusterName}"
      },
      "description": "Total number of re-keys initiated on the system.  Each Rekey will replace the Active KEKs stored in the primary KMS. ",
      "fieldConfig": {
        "defaults": {
          "color": {
            "mode": "thresholds"
          },
          "mappings": [
            {
              "options": {
                "match": "null+nan",
                "result": {
                  "index": 0,
                  "text": "0"
                }
              },
              "type": "special"
            }
          ],
          "thresholds": {
            "mode": "absolute",
            "steps": [
              {
                "color": "text",
                "value": null
              },
              {
                "color": "blue",
                "value": 1
              }
            ]
          },
          "unit": "short"
        },
        "overrides": []
      },
      "gridPos": {
        "h": 2,
        "w": 2,
        "x": 8,
        "y": 1
      },
      "id": 261,
      "options": {
        "colorMode": "value",
        "graphMode": "none",
        "justifyMode": "auto",
        "orientation": "auto",
        "reduceOptions": {
          "calcs": [
            "lastNotNull"
          ],
          "fields": "",
          "values": false
        },
        "text": {
          "titleSize": 36,
          "valueSize": 36
        },
        "textMode": "auto"
      },
      "pluginVersion": "9.2.4",
      "targets": [
        {
          "datasource": {
            "type": "prometheus",
            "uid": "${ClusterName}"
          },
          "editorMode": "code",
          "exemplar": true,
          "expr": "lifecycle_policy_rekey_initiated_count_total{job=\"MAPI-Gateway\"}",
          "hide": false,
          "interval": "",
          "legendFormat": "__auto",
          "range": true,
          "refId": "A"
        },
        {
          "datasource": {
            "type": "prometheus",
            "uid": "${ClusterName}"
          },
          "editorMode": "code",
          "exemplar": true,
          "expr": "",
          "hide": true,
          "interval": "",
          "legendFormat": "",
          "range": true,
          "refId": "B"
        }
      ],
      "title": "Admin Initiated Rekey",
      "transformations": [
        {
          "id": "renameByRegex",
          "options": {
            "regex": "{instance=\"([^:/ ]+).?([0-9]*).*",
            "renamePattern": "$1"
          }
        }
      ],
      "type": "stat"
    },
    {
      "datasource": {
        "type": "prometheus",
        "uid": "${ClusterName}"
      },
      "description": "Displays the number of KEK (Key encryption Keys) stored in each Key Management Server.  The table is updated once per hour.",
      "fieldConfig": {
        "defaults": {
          "color": {
            "mode": "thresholds"
          },
          "custom": {
            "align": "auto",
            "displayMode": "color-text",
            "filterable": false,
            "inspect": false,
            "minWidth": 50
          },
          "mappings": [],
          "thresholds": {
            "mode": "absolute",
            "steps": [
              {
                "color": "text",
                "value": null
              },
              {
                "color": "green",
                "value": 1
              },
              {
                "color": "yellow",
                "value": 100
              }
            ]
          }
        },
        "overrides": []
      },
      "gridPos": {
        "h": 4,
        "w": 4,
        "x": 10,
        "y": 1
      },
      "id": 301,
      "options": {
        "footer": {
          "fields": "",
          "reducer": [
            "sum"
          ],
          "show": false
        },
        "showHeader": true,
        "sortBy": []
      },
      "pluginVersion": "9.2.4",
      "targets": [
        {
          "datasource": {
            "type": "prometheus",
            "uid": "${ClusterName}"
          },
          "editorMode": "code",
          "exemplar": false,
          "expr": "kmip_total_kek_count",
          "instant": false,
          "interval": "",
          "legendFormat": "KMS Name: \"{{kms}}\"",
          "range": true,
          "refId": "A"
        }
      ],
      "title": "KEKs per Server",
      "transformations": [
        {
          "id": "reduce",
          "options": {
            "labelsToFields": true,
            "reducers": [
              "lastNotNull"
            ]
          }
        },
        {
          "id": "organize",
          "options": {
            "excludeByName": {
              "Field": true,
              "__name__": true,
              "instance": true,
              "job": true
            },
            "indexByName": {},
            "renameByName": {
              "Last *": "KEK Count",
              "job": "",
              "kms": "Key Manager Server Name"
            }
          }
        }
      ],
      "type": "table"
    },
    {
      "datasource": {
        "type": "prometheus",
        "uid": "${ClusterName}"
      },
      "description": "Checks whether DLS (Data-Lifecycle Service) is examining objects for REKEY policy. UNHEALTHY indicates that no activity was detected in the last 24 hours.",
      "fieldConfig": {
        "defaults": {
          "color": {
            "mode": "thresholds"
          },
          "mappings": [
            {
              "options": {
                "from": 0,
                "result": {
                  "color": "super-light-blue",
                  "index": 0,
                  "text": "Not Active"
                },
                "to": 0
              },
              "type": "range"
            },
            {
              "options": {
                "from": 1,
                "result": {
                  "color": "green",
                  "index": 1,
                  "text": "Active"
                },
                "to": 100000000000
              },
              "type": "range"
            }
          ],
          "thresholds": {
            "mode": "absolute",
            "steps": [
              {
                "color": "text",
                "value": null
              },
              {
                "color": "text",
                "value": 0
              },
              {
                "color": "green",
                "value": 1
              }
            ]
          }
        },
        "overrides": []
      },
      "gridPos": {
        "h": 4,
        "w": 3,
        "x": 14,
        "y": 1
      },
      "id": 292,
      "options": {
        "colorMode": "background",
        "graphMode": "none",
        "justifyMode": "auto",
        "orientation": "auto",
        "reduceOptions": {
          "calcs": [
            "lastNotNull"
          ],
          "fields": "",
          "values": false
        },
        "text": {
          "titleSize": 20,
          "valueSize": 30
        },
        "textMode": "auto"
      },
      "pluginVersion": "9.2.4",
      "targets": [
        {
          "datasource": {
            "type": "prometheus",
            "uid": "${ClusterName}"
          },
          "editorMode": "code",
          "exemplar": true,
          "expr": "sum(delta(lifecycle_policy_rekey_examine_latency_seconds_count[1h]))",
          "hide": false,
          "interval": "",
          "legendFormat": "",
          "range": true,
          "refId": "A"
        }
      ],
      "title": "DLS: Rekey policy",
      "type": "stat"
    },
    {
      "datasource": {
        "type": "prometheus",
        "uid": "${ClusterName}"
      },
      "description": "Total number DEKs that were re-encrypted",
      "fieldConfig": {
        "defaults": {
          "color": {
            "mode": "thresholds"
          },
          "mappings": [
            {
              "options": {
                "match": "null+nan",
                "result": {
                  "index": 0,
                  "text": "0"
                }
              },
              "type": "special"
            }
          ],
          "thresholds": {
            "mode": "absolute",
            "steps": [
              {
                "color": "text",
                "value": null
              },
              {
                "color": "blue",
                "value": 1
              }
            ]
          },
          "unit": "short"
        },
        "overrides": []
      },
      "gridPos": {
        "h": 2,
        "w": 2,
        "x": 17,
        "y": 1
      },
      "id": 288,
      "options": {
        "colorMode": "value",
        "graphMode": "none",
        "justifyMode": "auto",
        "orientation": "auto",
        "reduceOptions": {
          "calcs": [
            "lastNotNull"
          ],
          "fields": "",
          "values": false
        },
        "text": {
          "titleSize": 36,
          "valueSize": 36
        },
        "textMode": "auto"
      },
      "pluginVersion": "9.2.4",
      "targets": [
        {
          "datasource": {
            "type": "prometheus",
            "uid": "${ClusterName}"
          },
          "editorMode": "code",
          "exemplar": true,
          "expr": "sum(lifecycle_policy_rekeyed_objects_count_total)",
          "hide": false,
          "interval": "",
          "legendFormat": "__auto",
          "range": true,
          "refId": "A"
        }
      ],
      "title": "Total DEKs Re-Encrypted",
      "transformations": [
        {
          "id": "renameByRegex",
          "options": {
            "regex": "{instance=\"([^:/ ]+).?([0-9]*).*",
            "renamePattern": "$1"
          }
        }
      ],
      "type": "stat"
    },
    {
      "datasource": {
        "type": "prometheus",
        "uid": "${ClusterName}"
      },
      "description": "The total number of encrypted objects",
      "fieldConfig": {
        "defaults": {
          "color": {
            "mode": "thresholds"
          },
          "mappings": [
            {
              "options": {
                "match": "null+nan",
                "result": {
                  "index": 0,
                  "text": "0"
                }
              },
              "type": "special"
            }
          ],
          "thresholds": {
            "mode": "absolute",
            "steps": [
              {
                "color": "text",
                "value": null
              },
              {
                "color": "blue",
                "value": 1
              }
            ]
          },
          "unit": "short"
        },
        "overrides": []
      },
      "gridPos": {
        "h": 2,
        "w": 3,
        "x": 2,
        "y": 3
      },
      "id": 256,
      "options": {
        "colorMode": "value",
        "graphMode": "none",
        "justifyMode": "auto",
        "orientation": "auto",
        "reduceOptions": {
          "calcs": [
            "lastNotNull"
          ],
          "fields": "",
          "values": false
        },
        "text": {
          "titleSize": 36,
          "valueSize": 36
        },
        "textMode": "auto"
      },
      "pluginVersion": "9.2.4",
      "targets": [
        {
          "datasource": {
            "type": "prometheus",
            "uid": "${ClusterName}"
          },
          "editorMode": "code",
          "exemplar": true,
          "expr": "sum(metadata_clientobject_active_encrypted_count)",
          "hide": false,
          "interval": "",
          "legendFormat": "{{label_name}}",
          "range": true,
          "refId": "A"
        }
      ],
      "title": "Total Encrypted Objects",
      "transformations": [
        {
          "id": "renameByRegex",
          "options": {
            "regex": "{instance=\"([^:/ ]+).?([0-9]*).*",
            "renamePattern": "$1"
          }
        }
      ],
      "type": "stat"
    },
    {
      "datasource": {
        "type": "prometheus",
        "uid": "${ClusterName}"
      },
      "description": "Total number of KEKs (Key Encryption Keys) defined in all KMS.  There is at least one KEK version for each storage component.  Each re-key event will create a new KEK version for each storage component.",
      "fieldConfig": {
        "defaults": {
          "color": {
            "mode": "thresholds"
          },
          "mappings": [
            {
              "options": {
                "match": "null+nan",
                "result": {
                  "index": 0,
                  "text": "0"
                }
              },
              "type": "special"
            }
          ],
          "thresholds": {
            "mode": "absolute",
            "steps": [
              {
                "color": "text",
                "value": null
              },
              {
                "color": "blue",
                "value": 1
              }
            ]
          },
          "unit": "short"
        },
        "overrides": []
      },
      "gridPos": {
        "h": 2,
        "w": 2,
        "x": 8,
        "y": 3
      },
      "id": 296,
      "options": {
        "colorMode": "value",
        "graphMode": "none",
        "justifyMode": "auto",
        "orientation": "auto",
        "reduceOptions": {
          "calcs": [
            "lastNotNull"
          ],
          "fields": "",
          "values": false
        },
        "text": {
          "titleSize": 36,
          "valueSize": 36
        },
        "textMode": "auto"
      },
      "pluginVersion": "9.2.4",
      "targets": [
        {
          "datasource": {
            "type": "prometheus",
            "uid": "${ClusterName}"
          },
          "editorMode": "code",
          "exemplar": true,
          "expr": "sum(kmip_total_kek_count)",
          "hide": false,
          "interval": "",
          "legendFormat": "__auto",
          "range": true,
          "refId": "A"
        },
        {
          "datasource": {
            "type": "prometheus",
            "uid": "${ClusterName}"
          },
          "editorMode": "code",
          "exemplar": true,
          "expr": "",
          "hide": true,
          "interval": "",
          "legendFormat": "",
          "range": true,
          "refId": "B"
        }
      ],
      "title": "Total KEKs",
      "transformations": [
        {
          "id": "renameByRegex",
          "options": {
            "regex": "{instance=\"([^:/ ]+).?([0-9]*).*",
            "renamePattern": "$1"
          }
        }
      ],
      "type": "stat"
    },
    {
      "datasource": {
        "type": "prometheus",
        "uid": "${ClusterName}"
      },
      "description": "Total number DLS (data lifecycle Service) jobs running on the system",
      "fieldConfig": {
        "defaults": {
          "color": {
            "mode": "thresholds"
          },
          "mappings": [
            {
              "options": {
                "match": "null+nan",
                "result": {
                  "index": 0,
                  "text": "0"
                }
              },
              "type": "special"
            }
          ],
          "thresholds": {
            "mode": "absolute",
            "steps": [
              {
                "color": "yellow",
                "value": null
              },
              {
                "color": "blue",
                "value": 1
              }
            ]
          },
          "unit": "short"
        },
        "overrides": []
      },
      "gridPos": {
        "h": 2,
        "w": 2,
        "x": 17,
        "y": 3
      },
      "id": 297,
      "options": {
        "colorMode": "value",
        "graphMode": "none",
        "justifyMode": "auto",
        "orientation": "auto",
        "reduceOptions": {
          "calcs": [
            "lastNotNull"
          ],
          "fields": "",
          "values": false
        },
        "text": {
          "titleSize": 36,
          "valueSize": 36
        },
        "textMode": "auto"
      },
      "pluginVersion": "9.2.4",
      "targets": [
        {
          "datasource": {
            "type": "prometheus",
            "uid": "${ClusterName}"
          },
          "editorMode": "code",
          "exemplar": true,
          "expr": "sum (up{job=\"Data-Lifecycle\"})",
          "hide": false,
          "interval": "",
          "legendFormat": "__auto",
          "range": true,
          "refId": "A"
        }
      ],
      "title": "DLS service jobs",
      "transformations": [
        {
          "id": "renameByRegex",
          "options": {
            "regex": "{instance=\"([^:/ ]+).?([0-9]*).*",
            "renamePattern": "$1"
          }
        }
      ],
      "type": "stat"
    },
    {
      "collapsed": true,
      "gridPos": {
        "h": 1,
        "w": 24,
        "x": 0,
        "y": 5
      },
      "id": 279,
      "panels": [
        {
          "datasource": {
            "type": "prometheus",
            "uid": "${ClusterName}"
          },
          "description": "(REKEY#) = Marks an Initiate Rekey Event.\n(SCAN#) = Marks the beginning of a new Lifecycle scan.  Each new Session will run until completion.  Checked once every hour",
          "fieldConfig": {
            "defaults": {
              "color": {
                "mode": "continuous-blues"
              },
              "custom": {
                "fillOpacity": 70,
                "lineWidth": 0,
                "spanNulls": false
              },
              "decimals": 0,
              "mappings": [],
              "min": 0,
              "noValue": "0",
              "thresholds": {
                "mode": "absolute",
                "steps": [
                  {
                    "color": "green"
                  }
                ]
              }
            },
            "overrides": []
          },
          "gridPos": {
            "h": 4,
            "w": 24,
            "x": 0,
            "y": 6
          },
          "id": 290,
          "options": {
            "alignValue": "left",
            "legend": {
              "displayMode": "list",
              "placement": "bottom",
              "showLegend": true
            },
            "mergeValues": true,
            "rowHeight": 0.88,
            "showValue": "always",
            "tooltip": {
              "mode": "single",
              "sort": "none"
            }
          },
          "pluginVersion": "9.2.4",
          "targets": [
            {
              "datasource": {
                "type": "prometheus",
                "uid": "${ClusterName}"
              },
              "editorMode": "code",
              "exemplar": false,
              "expr": "sum(lifecycle_policy_started_total{policy=\"DELETE_BACKEND_OBJECTS\"}) % 24",
              "format": "heatmap",
              "hide": false,
              "instant": false,
              "interval": "",
              "legendFormat": "Scan#",
              "range": true,
              "refId": "C"
            },
            {
              "datasource": {
                "type": "prometheus",
                "uid": "${ClusterName}"
              },
              "editorMode": "code",
              "expr": "sum(lifecycle_policy_rekey_initiated_count_total) % 1000",
              "hide": false,
              "interval": "",
              "legendFormat": "Rekey#",
              "range": true,
              "refId": "A"
            }
          ],
          "title": "Admin Initiated Rekey",
          "transformations": [
            {
              "id": "renameByRegex",
              "options": {
                "regex": "([^:/ ]+).?([0-9]*).*",
                "renamePattern": "$1"
              }
            }
          ],
          "transparent": true,
          "type": "state-timeline"
        },
        {
          "datasource": {
            "type": "prometheus",
            "uid": "${ClusterName}"
          },
          "description": "Shows  the rate at which DEKs (Data Encryption Keys) examined, old DEKs found, and DEKs re-encrypted per second.",
          "fieldConfig": {
            "defaults": {
              "color": {
                "mode": "palette-classic"
              },
              "custom": {
                "axisCenteredZero": false,
                "axisColorMode": "text",
                "axisLabel": "",
                "axisPlacement": "auto",
                "barAlignment": 0,
                "drawStyle": "line",
                "fillOpacity": 10,
                "gradientMode": "none",
                "hideFrom": {
                  "legend": false,
                  "tooltip": false,
                  "viz": false
                },
                "lineInterpolation": "linear",
                "lineStyle": {
                  "fill": "solid"
                },
                "lineWidth": 3,
                "pointSize": 5,
                "scaleDistribution": {
                  "type": "linear"
                },
                "showPoints": "auto",
                "spanNulls": false,
                "stacking": {
                  "group": "A",
                  "mode": "none"
                },
                "thresholdsStyle": {
                  "mode": "off"
                }
              },
              "mappings": [],
              "noValue": "No Rekey Activity",
              "thresholds": {
                "mode": "percentage",
                "steps": [
                  {
                    "color": "text"
                  }
                ]
              },
              "unit": "ops"
            },
            "overrides": [
              {
                "matcher": {
                  "id": "byName",
                  "options": "Total"
                },
                "properties": [
                  {
                    "id": "color",
                    "value": {
                      "fixedColor": "blue",
                      "mode": "fixed"
                    }
                  }
                ]
              },
              {
                "matcher": {
                  "id": "byName",
                  "options": "Reencrypt"
                },
                "properties": [
                  {
                    "id": "color",
                    "value": {
                      "fixedColor": "light-blue",
                      "mode": "fixed"
                    }
                  }
                ]
              },
              {
                "matcher": {
                  "id": "byName",
                  "options": "Examined"
                },
                "properties": [
                  {
                    "id": "color",
                    "value": {
                      "fixedColor": "semi-dark-blue",
                      "mode": "fixed"
                    }
                  }
                ]
              },
              {
                "matcher": {
                  "id": "byName",
                  "options": "Re-encrypted"
                },
                "properties": [
                  {
                    "id": "color",
                    "value": {
                      "fixedColor": "green",
                      "mode": "fixed"
                    }
                  }
                ]
              },
              {
                "matcher": {
                  "id": "byName",
                  "options": "Found"
                },
                "properties": [
                  {
                    "id": "color",
                    "value": {
                      "fixedColor": "light-yellow",
                      "mode": "fixed"
                    }
                  }
                ]
              }
            ]
          },
          "gridPos": {
            "h": 7,
            "w": 24,
            "x": 0,
            "y": 10
          },
          "id": 283,
          "options": {
            "legend": {
              "calcs": [],
              "displayMode": "list",
              "placement": "bottom",
              "showLegend": true
            },
            "tooltip": {
              "mode": "single",
              "sort": "none"
            }
          },
          "targets": [
            {
              "datasource": {
                "type": "prometheus",
                "uid": "${ClusterName}"
              },
              "editorMode": "code",
              "expr": "sum(rate(lifecycle_policy_rekey_examine_latency_seconds_count[1m]))",
              "hide": false,
              "interval": "",
              "legendFormat": "Examined Rate",
              "range": true,
              "refId": "A"
            },
            {
              "datasource": {
                "type": "prometheus",
                "uid": "${ClusterName}"
              },
              "editorMode": "code",
              "expr": "sum(rate(lifecycle_policy_rekey_accept_latency_seconds_count[1m]))",
              "hide": false,
              "interval": "",
              "legendFormat": "Found",
              "range": true,
              "refId": "C"
            },
            {
              "datasource": {
                "type": "prometheus",
                "uid": "${ClusterName}"
              },
              "editorMode": "code",
              "exemplar": false,
              "expr": "sum(rate(lifecycle_policy_rekeyed_objects_count_total[1m]))",
              "format": "time_series",
              "hide": false,
              "instant": false,
              "interval": "",
              "legendFormat": "Re-encrypted Rate",
              "range": true,
              "refId": "B"
            }
          ],
          "title": "Rekey: Object Examination Rate",
          "transformations": [
            {
              "id": "renameByRegex",
              "options": {
                "regex": "([^:/ ]+).?([0-9]*).*",
                "renamePattern": "$1"
              }
            }
          ],
          "type": "timeseries"
        },
        {
          "datasource": {
            "type": "prometheus",
            "uid": "${ClusterName}"
          },
          "description": "Stacked histogram shows time spent examining DEKs for re-key decision. (latency) ",
          "fieldConfig": {
            "defaults": {
              "color": {
                "mode": "palette-classic"
              },
              "custom": {
                "axisCenteredZero": false,
                "axisColorMode": "text",
                "axisLabel": "Keys Examined",
                "axisPlacement": "auto",
                "fillOpacity": 83,
                "gradientMode": "opacity",
                "hideFrom": {
                  "legend": false,
                  "tooltip": false,
                  "viz": false
                },
                "lineWidth": 1,
                "scaleDistribution": {
                  "type": "linear"
                }
              },
              "mappings": [],
              "noValue": "0",
              "thresholds": {
                "mode": "absolute",
                "steps": [
                  {
                    "color": "text"
                  }
                ]
              },
              "unit": "cps"
            },
            "overrides": [
              {
                "matcher": {
                  "id": "byName",
                  "options": ">1000ms"
                },
                "properties": [
                  {
                    "id": "color",
                    "value": {
                      "fixedColor": "light-red",
                      "mode": "fixed"
                    }
                  }
                ]
              },
              {
                "matcher": {
                  "id": "byName",
                  "options": ">100ms"
                },
                "properties": [
                  {
                    "id": "color",
                    "value": {
                      "fixedColor": "red",
                      "mode": "fixed"
                    }
                  }
                ]
              },
              {
                "matcher": {
                  "id": "byName",
                  "options": ">10ms"
                },
                "properties": [
                  {
                    "id": "color",
                    "value": {
                      "fixedColor": "semi-dark-yellow",
                      "mode": "fixed"
                    }
                  }
                ]
              }
            ]
          },
          "gridPos": {
            "h": 6,
            "w": 24,
            "x": 0,
            "y": 17
          },
          "id": 289,
          "options": {
            "barRadius": 0,
            "barWidth": 1,
            "groupWidth": 0.7,
            "legend": {
              "calcs": [],
              "displayMode": "list",
              "placement": "bottom",
              "showLegend": true
            },
            "orientation": "auto",
            "showValue": "auto",
            "stacking": "normal",
            "tooltip": {
              "mode": "multi",
              "sort": "none"
            },
            "xField": "Time",
            "xTickLabelRotation": 0,
            "xTickLabelSpacing": 100
          },
          "pluginVersion": "9.2.4",
          "targets": [
            {
              "datasource": {
                "type": "prometheus",
                "uid": "${ClusterName}"
              },
              "editorMode": "code",
              "expr": "abs(sum(irate(lifecycle_policy_rekey_examine_latency_seconds_bucket{le=\"0.001\"}[1m])) -sum(irate(lifecycle_policy_rekey_examine_latency_seconds_bucket{le=\"0.01\"}[1m])))",
              "hide": false,
              "interval": "",
              "legendFormat": ">1ms",
              "range": true,
              "refId": "A"
            },
            {
              "datasource": {
                "type": "prometheus",
                "uid": "${ClusterName}"
              },
              "editorMode": "code",
              "expr": "abs(sum(irate(lifecycle_policy_rekey_examine_latency_seconds_bucket{le=\"0.01\"}[1m])) -sum(irate(lifecycle_policy_rekey_examine_latency_seconds_bucket{le=\"0.1\"}[1m])))",
              "hide": false,
              "interval": "",
              "legendFormat": ">10ms",
              "range": true,
              "refId": "B"
            },
            {
              "datasource": {
                "type": "prometheus",
                "uid": "${ClusterName}"
              },
              "editorMode": "code",
              "expr": "abs(sum(irate(lifecycle_policy_rekey_examine_latency_seconds_bucket{le=\"0.1\"}[1m])) -sum(irate(lifecycle_policy_rekey_examine_latency_seconds_bucket{le=\"100.0\"}[1m])))",
              "hide": false,
              "interval": "",
              "legendFormat": ">100ms",
              "range": true,
              "refId": "C"
            }
          ],
          "title": "Rekey: Latency (Histogram)",
          "transformations": [
            {
              "disabled": true,
              "id": "filterByValue",
              "options": {
                "filters": [
                  {
                    "config": {
                      "id": "lowerOrEqual",
                      "options": {
                        "value": 100
                      }
                    },
                    "fieldName": " 100.0ms"
                  }
                ],
                "match": "any",
                "type": "include"
              }
            }
          ],
          "type": "barchart"
        }
      ],
      "title": "System Rekey Activity",
      "type": "row"
    },
    {
      "collapsed": true,
      "gridPos": {
        "h": 1,
        "w": 24,
        "x": 0,
        "y": 6
      },
      "id": 270,
      "panels": [
        {
          "datasource": {
            "type": "prometheus",
            "uid": "${ClusterName}"
          },
          "description": "The number of DEKs Examined by each node instance ",
          "fieldConfig": {
            "defaults": {
              "color": {
                "mode": "palette-classic"
              },
              "custom": {
                "axisCenteredZero": false,
                "axisColorMode": "text",
                "axisLabel": "",
                "axisPlacement": "auto",
                "barAlignment": 0,
                "drawStyle": "line",
                "fillOpacity": 10,
                "gradientMode": "none",
                "hideFrom": {
                  "legend": false,
                  "tooltip": false,
                  "viz": false
                },
                "lineInterpolation": "linear",
                "lineWidth": 3,
                "pointSize": 5,
                "scaleDistribution": {
                  "type": "linear"
                },
                "showPoints": "auto",
                "spanNulls": false,
                "stacking": {
                  "group": "A",
                  "mode": "none"
                },
                "thresholdsStyle": {
                  "mode": "off"
                }
              },
              "mappings": [],
              "noValue": "No Examine Activity",
              "thresholds": {
                "mode": "absolute",
                "steps": [
                  {
                    "color": "text"
                  }
                ]
              },
              "unit": "ops"
            },
            "overrides": [
              {
                "matcher": {
                  "id": "byName",
                  "options": "Total"
                },
                "properties": [
                  {
                    "id": "color",
                    "value": {
                      "fixedColor": "blue",
                      "mode": "fixed"
                    }
                  }
                ]
              }
            ]
          },
          "gridPos": {
            "h": 8,
            "w": 24,
            "x": 0,
            "y": 7
          },
          "id": 286,
          "options": {
            "legend": {
              "calcs": [],
              "displayMode": "list",
              "placement": "bottom",
              "showLegend": true
            },
            "tooltip": {
              "mode": "single",
              "sort": "none"
            }
          },
          "targets": [
            {
              "datasource": {
                "type": "prometheus",
                "uid": "${ClusterName}"
              },
              "editorMode": "code",
              "expr": "rate(lifecycle_policy_rekeyed_objects_count_total{job=\"Data-Lifecycle\"}[1m])",
              "hide": true,
              "legendFormat": "{{instance}}",
              "range": true,
              "refId": "A"
            },
            {
              "datasource": {
                "type": "prometheus",
                "uid": "${ClusterName}"
              },
              "editorMode": "code",
              "expr": "sum(lifecycle_policy_rekeyed_objects_count_total)",
              "hide": true,
              "legendFormat": "Total",
              "range": true,
              "refId": "B"
            },
            {
              "datasource": {
                "type": "prometheus",
                "uid": "${ClusterName}"
              },
              "editorMode": "code",
              "expr": "rate(lifecycle_policy_rekey_examine_latency_seconds_count[1m])",
              "hide": false,
              "interval": "",
              "legendFormat": "{{instance}}",
              "range": true,
              "refId": "C"
            }
          ],
          "title": "Rekey: DEK Examination Rate (by Node)",
          "transformations": [
            {
              "id": "renameByRegex",
              "options": {
                "regex": "([^:/ ]+).?([0-9]*).*",
                "renamePattern": "$1"
              }
            }
          ],
          "type": "timeseries"
        },
        {
          "datasource": {
            "type": "prometheus",
            "uid": "${ClusterName}"
          },
          "description": "The number of re-encrypted DEKs by each node instance",
          "fieldConfig": {
            "defaults": {
              "color": {
                "mode": "palette-classic"
              },
              "custom": {
                "axisCenteredZero": false,
                "axisColorMode": "text",
                "axisLabel": "",
                "axisPlacement": "auto",
                "barAlignment": 0,
                "drawStyle": "line",
                "fillOpacity": 10,
                "gradientMode": "none",
                "hideFrom": {
                  "legend": false,
                  "tooltip": false,
                  "viz": false
                },
                "lineInterpolation": "linear",
                "lineWidth": 3,
                "pointSize": 5,
                "scaleDistribution": {
                  "type": "linear"
                },
                "showPoints": "auto",
                "spanNulls": false,
                "stacking": {
                  "group": "A",
                  "mode": "none"
                },
                "thresholdsStyle": {
                  "mode": "off"
                }
              },
              "mappings": [],
              "noValue": "No Re-Encryption Activity",
              "thresholds": {
                "mode": "absolute",
                "steps": [
                  {
                    "color": "green"
                  },
                  {
                    "color": "red",
                    "value": 80
                  }
                ]
              },
              "unit": "ops"
            },
            "overrides": [
              {
                "matcher": {
                  "id": "byName",
                  "options": "Total"
                },
                "properties": [
                  {
                    "id": "color",
                    "value": {
                      "fixedColor": "blue",
                      "mode": "fixed"
                    }
                  }
                ]
              }
            ]
          },
          "gridPos": {
            "h": 8,
            "w": 24,
            "x": 0,
            "y": 15
          },
          "id": 287,
          "options": {
            "legend": {
              "calcs": [],
              "displayMode": "list",
              "placement": "bottom",
              "showLegend": true
            },
            "tooltip": {
              "mode": "single",
              "sort": "none"
            }
          },
          "targets": [
            {
              "datasource": {
                "type": "prometheus",
                "uid": "${ClusterName}"
              },
              "editorMode": "code",
              "expr": "rate(lifecycle_policy_rekeyed_objects_count_total[1m])",
              "legendFormat": "{{instance}}",
              "range": true,
              "refId": "A"
            }
          ],
          "title": "Rekey: DEK Re-Encryption Rate (by Node)",
          "transformations": [
            {
              "id": "renameByRegex",
              "options": {
                "regex": "([^:/ ]+).?([0-9]*).*",
                "renamePattern": "$1"
              }
            }
          ],
          "type": "timeseries"
        }
      ],
      "title": "Rekey Activity By Node",
      "type": "row"
    },
    {
      "collapsed": true,
      "gridPos": {
        "h": 1,
        "w": 24,
        "x": 0,
        "y": 7
      },
      "id": 272,
      "panels": [
        {
          "datasource": {
            "type": "prometheus",
            "uid": "${ClusterName}"
          },
          "fieldConfig": {
            "defaults": {
              "color": {
                "mode": "palette-classic"
              },
              "custom": {
                "axisCenteredZero": false,
                "axisColorMode": "text",
                "axisLabel": "",
                "axisPlacement": "auto",
                "barAlignment": 0,
                "drawStyle": "line",
                "fillOpacity": 10,
                "gradientMode": "none",
                "hideFrom": {
                  "legend": false,
                  "tooltip": false,
                  "viz": false
                },
                "lineInterpolation": "linear",
                "lineWidth": 3,
                "pointSize": 5,
                "scaleDistribution": {
                  "type": "linear"
                },
                "showPoints": "auto",
                "spanNulls": false,
                "stacking": {
                  "group": "A",
                  "mode": "none"
                },
                "thresholdsStyle": {
                  "mode": "off"
                }
              },
              "mappings": [],
              "thresholds": {
                "mode": "absolute",
                "steps": [
                  {
                    "color": "green"
                  },
                  {
                    "color": "red",
                    "value": 80
                  }
                ]
              },
              "unit": "ops"
            },
            "overrides": [
              {
                "matcher": {
                  "id": "byName",
                  "options": "BulkDelete"
                },
                "properties": [
                  {
                    "id": "color",
                    "value": {
                      "fixedColor": "text",
                      "mode": "fixed"
                    }
                  }
                ]
              }
            ]
          },
          "gridPos": {
            "h": 8,
            "w": 24,
            "x": 0,
            "y": 25
          },
          "id": 226,
          "interval": "1",
          "options": {
            "legend": {
              "calcs": [],
              "displayMode": "list",
              "placement": "bottom",
              "showLegend": true
            },
            "tooltip": {
              "mode": "single",
              "sort": "none"
            }
          },
          "pluginVersion": "9.2.4",
          "targets": [
            {
              "datasource": {
                "type": "prometheus",
                "uid": "${ClusterName}"
              },
              "exemplar": true,
              "expr": "sum by (operation) (rate(http_s3_servlet_operations_total{}[10m]))",
              "hide": true,
              "interval": "",
              "legendFormat": "{{operation}}",
              "refId": "A"
            },
            {
              "datasource": {
                "type": "prometheus",
                "uid": "${ClusterName}"
              },
              "exemplar": true,
              "expr": "sum by (operation) (rate(http_s3_servlet_operations_total{operation=\"S3GetObjectOperation\"}[30s]))",
              "hide": false,
              "interval": "",
              "legendFormat": "GET",
              "refId": "B"
            },
            {
              "datasource": {
                "type": "prometheus",
                "uid": "${ClusterName}"
              },
              "exemplar": true,
              "expr": "sum by (operation) (rate(http_s3_servlet_operations_total{operation=\"S3DeleteObjectOperation\"}[30s]))",
              "hide": false,
              "interval": "",
              "legendFormat": "DEL",
              "refId": "C"
            },
            {
              "datasource": {
                "type": "prometheus",
                "uid": "${ClusterName}"
              },
              "exemplar": true,
              "expr": "sum by (operation) (rate(http_s3_servlet_operations_total{operation=\"S3ListObjectsOperation\"}[30s]))",
              "hide": false,
              "interval": "",
              "legendFormat": "LIST",
              "refId": "D"
            },
            {
              "datasource": {
                "type": "prometheus",
                "uid": "${ClusterName}"
              },
              "exemplar": true,
              "expr": "sum by (operation) (rate(http_s3_servlet_operations_total{operation=\"S3PutObjectOperation\"}[30s]))",
              "hide": false,
              "interval": "",
              "legendFormat": "PUT",
              "refId": "E"
            },
            {
              "datasource": {
                "type": "prometheus",
                "uid": "${ClusterName}"
              },
              "exemplar": false,
              "expr": "sum by (operation) (rate(http_s3_servlet_operations_total{operation=\"S3HeadObjectOperation\"}[30s]))",
              "hide": false,
              "instant": true,
              "interval": "",
              "legendFormat": "HEAD",
              "refId": "F"
            },
            {
              "datasource": {
                "type": "prometheus",
                "uid": "${ClusterName}"
              },
              "exemplar": true,
              "expr": "sum by (operation) (rate(http_s3_servlet_operations_total{operation=\"S3BulkDeleteObjectOperation\"}[30s]))",
              "hide": false,
              "interval": "",
              "legendFormat": "BulkDelete",
              "refId": "G"
            },
            {
              "datasource": {
                "type": "prometheus",
                "uid": "${ClusterName}"
              },
              "exemplar": true,
              "expr": "sum by (operation) (rate(http_s3_servlet_operations_total{operation=\"S3PutObjectPartOperation\"}[30s]))",
              "hide": false,
              "interval": "",
              "legendFormat": "PutPart",
              "refId": "H"
            },
            {
              "datasource": {
                "type": "prometheus",
                "uid": "${ClusterName}"
              },
              "exemplar": true,
              "expr": "sum by (operation) (rate(http_s3_servlet_operations_total{operation=\"S3ListVersionsOperation\"}[30s]))",
              "hide": false,
              "interval": "",
              "legendFormat": "ListVer",
              "refId": "I"
            }
          ],
          "title": "S3 IOPS by Operation",
          "type": "timeseries"
        },
        {
          "datasource": {
            "type": "prometheus",
            "uid": "${ClusterName}"
          },
          "description": "",
          "fieldConfig": {
            "defaults": {
              "color": {
                "mode": "palette-classic"
              },
              "custom": {
                "axisCenteredZero": false,
                "axisColorMode": "text",
                "axisLabel": "",
                "axisPlacement": "auto",
                "barAlignment": 0,
                "drawStyle": "line",
                "fillOpacity": 10,
                "gradientMode": "none",
                "hideFrom": {
                  "legend": false,
                  "tooltip": false,
                  "viz": false
                },
                "lineInterpolation": "linear",
                "lineWidth": 3,
                "pointSize": 5,
                "scaleDistribution": {
                  "type": "linear"
                },
                "showPoints": "auto",
                "spanNulls": false,
                "stacking": {
                  "group": "A",
                  "mode": "none"
                },
                "thresholdsStyle": {
                  "mode": "off"
                }
              },
              "mappings": [],
              "thresholds": {
                "mode": "absolute",
                "steps": [
                  {
                    "color": "green"
                  }
                ]
              },
              "unit": "s"
            },
            "overrides": []
          },
          "gridPos": {
            "h": 14,
            "w": 24,
            "x": 0,
            "y": 33
          },
          "id": 248,
          "options": {
            "legend": {
              "calcs": [],
              "displayMode": "table",
              "placement": "bottom",
              "showLegend": true
            },
            "tooltip": {
              "mode": "single",
              "sort": "none"
            }
          },
          "pluginVersion": "9.2.4",
          "targets": [
            {
              "datasource": {
                "type": "prometheus",
                "uid": "${ClusterName}"
              },
              "editorMode": "code",
              "exemplar": true,
              "expr": "sum by (operation) (rate(http_s3_servlet_requests_latency_seconds_sum{operation=~\"S3BulkDeleteObjectOperation|S3GetObjectOperation|S3PutObjectOperation|S3ListVersionsOperation|S3ListObjectsOperation|S3ListUploadedPartsOperation|S3PutObjectPartOperation\"}[30s]))/sum by (operation) (rate(http_s3_servlet_requests_latency_seconds_count[30s]))",
              "interval": "",
              "legendFormat": "{{operation}}",
              "range": true,
              "refId": "A"
            }
          ],
          "title": "S3 Latency by Operation",
          "transformations": [
            {
              "id": "renameByRegex",
              "options": {
                "regex": "(.*) ([^:/ ]+).?([0-9]*).*",
                "renamePattern": "$1 $2"
              }
            }
          ],
          "type": "timeseries"
        },
        {
          "datasource": {
            "type": "prometheus",
            "uid": "${ClusterName}"
          },
          "description": "",
          "fieldConfig": {
            "defaults": {
              "color": {
                "mode": "palette-classic"
              },
              "custom": {
                "axisCenteredZero": false,
                "axisColorMode": "text",
                "axisLabel": "",
                "axisPlacement": "auto",
                "barAlignment": 0,
                "drawStyle": "line",
                "fillOpacity": 10,
                "gradientMode": "none",
                "hideFrom": {
                  "legend": false,
                  "tooltip": false,
                  "viz": false
                },
                "lineInterpolation": "linear",
                "lineWidth": 2,
                "pointSize": 5,
                "scaleDistribution": {
                  "type": "linear"
                },
                "showPoints": "auto",
                "spanNulls": true,
                "stacking": {
                  "group": "A",
                  "mode": "none"
                },
                "thresholdsStyle": {
                  "mode": "off"
                }
              },
              "mappings": [],
              "thresholds": {
                "mode": "absolute",
                "steps": [
                  {
                    "color": "green"
                  },
                  {
                    "color": "red",
                    "value": 80
                  }
                ]
              },
              "unit": "Bps"
            },
            "overrides": []
          },
          "gridPos": {
            "h": 9,
            "w": 24,
            "x": 0,
            "y": 47
          },
          "id": 49,
          "interval": "1",
          "options": {
            "legend": {
              "calcs": [],
              "displayMode": "list",
              "placement": "bottom",
              "showLegend": true
            },
            "tooltip": {
              "mode": "single",
              "sort": "none"
            }
          },
          "targets": [
            {
              "datasource": {
                "type": "prometheus",
                "uid": "${ClusterName}"
              },
              "exemplar": true,
              "expr": "sum(rate(http_s3_servlet_put_object_part_bytes_total{}[30s]))",
              "hide": false,
              "interval": "",
              "legendFormat": "PUT-PART",
              "refId": "C"
            },
            {
              "datasource": {
                "type": "prometheus",
                "uid": "${ClusterName}"
              },
              "exemplar": true,
              "expr": "sum(rate(http_s3_servlet_put_object_bytes_total{}[30s]))",
              "hide": false,
              "interval": "",
              "legendFormat": "PUT",
              "refId": "D"
            },
            {
              "datasource": {
                "type": "prometheus",
                "uid": "${ClusterName}"
              },
              "exemplar": true,
              "expr": "sum(rate(http_s3_servlet_post_object_bytes_total{}[30s]))",
              "hide": false,
              "interval": "",
              "legendFormat": "POST",
              "refId": "E"
            },
            {
              "datasource": {
                "type": "prometheus",
                "uid": "${ClusterName}"
              },
              "exemplar": true,
              "expr": "sum(rate(http_s3_servlet_get_object_response_bytes_total[30s]))",
              "hide": false,
              "interval": "",
              "legendFormat": "GET",
              "refId": "F"
            }
          ],
          "title": "S3 Throughput by Operation",
          "type": "timeseries"
        },
        {
          "datasource": {
            "type": "prometheus",
            "uid": "${ClusterName}"
          },
          "description": "",
          "fieldConfig": {
            "defaults": {
              "color": {
                "mode": "palette-classic"
              },
              "custom": {
                "axisCenteredZero": false,
                "axisColorMode": "text",
                "axisLabel": "",
                "axisPlacement": "auto",
                "barAlignment": 0,
                "drawStyle": "line",
                "fillOpacity": 0,
                "gradientMode": "none",
                "hideFrom": {
                  "legend": false,
                  "tooltip": false,
                  "viz": false
                },
                "lineInterpolation": "linear",
                "lineWidth": 1,
                "pointSize": 5,
                "scaleDistribution": {
                  "type": "linear"
                },
                "showPoints": "auto",
                "spanNulls": false,
                "stacking": {
                  "group": "A",
                  "mode": "none"
                },
                "thresholdsStyle": {
                  "mode": "off"
                }
              },
              "mappings": [],
              "thresholds": {
                "mode": "absolute",
                "steps": [
                  {
                    "color": "green"
                  },
                  {
                    "color": "red",
                    "value": 80
                  }
                ]
              }
            },
            "overrides": [
              {
                "__systemRef": "hideSeriesFrom",
                "matcher": {
                  "id": "byNames",
                  "options": {
                    "mode": "exclude",
                    "names": [
                      "DELETED backend objects"
                    ],
                    "prefix": "All except:",
                    "readOnly": true
                  }
                },
                "properties": [
                  {
                    "id": "custom.hideFrom",
                    "value": {
                      "legend": false,
                      "tooltip": false,
                      "viz": true
                    }
                  }
                ]
              }
            ]
          },
          "gridPos": {
            "h": 9,
            "w": 24,
            "x": 0,
            "y": 56
          },
          "id": 35,
          "options": {
            "legend": {
              "calcs": [],
              "displayMode": "list",
              "placement": "bottom",
              "showLegend": true
            },
            "tooltip": {
              "mode": "single",
              "sort": "none"
            }
          },
          "targets": [
            {
              "datasource": {
                "type": "prometheus",
                "uid": "${ClusterName}"
              },
              "editorMode": "code",
              "exemplar": true,
              "expr": "sum(rate(lifecycle_policy_completed{policy=\"DELETE_BACKEND_OBJECTS\"}[30s]))",
              "hide": false,
              "interval": "",
              "legendFormat": "DELETED backend objects",
              "range": true,
              "refId": "A"
            },
            {
              "datasource": {
                "type": "prometheus",
                "uid": "${ClusterName}"
              },
              "editorMode": "code",
              "exemplar": true,
              "expr": "sum(rate(lifecycle_policy_completed_total{policy=\"DELETE_BACKEND_OBJECTS\"}[30s]))",
              "hide": false,
              "interval": "",
              "legendFormat": "DELETED backend objects",
              "range": true,
              "refId": "B"
            }
          ],
          "title": "Delete Backend Objects Rate",
          "type": "timeseries"
        }
      ],
      "title": "S3 System Activity",
      "type": "row"
    }
  ],
  "refresh": false,
  "schemaVersion": 37,
  "style": "dark",
  "tags": [
    "cloudscale"
  ],
  "templating": {
    "list": [
      {
        "current": {
          "selected": false,
          "text": "PrometheusLocal",
          "value": "PrometheusLocal"
        },
        "description": "Choose a Cluster to Connect and Display",
        "hide": 0,
        "includeAll": false,
        "label": "Choose  Cluster",
        "multi": false,
        "name": "ClusterName",
        "options": [],
        "query": "prometheus",
        "queryValue": "",
        "refresh": 1,
        "regex": "",
        "skipUrlSync": false,
        "type": "datasource"
      },
      {
        "current": {
          "selected": false,
          "text": "None",
          "value": ""
        },
        "datasource": {
          "type": "prometheus",
          "uid": "${ClusterName}"
        },
        "definition": "label_values(node_uname_info, job)",
        "hide": 2,
        "includeAll": false,
        "label": "Job",
        "multi": false,
        "name": "job",
        "options": [],
        "query": {
          "query": "label_values(node_uname_info, job)",
          "refId": "StandardVariableQuery"
        },
        "refresh": 1,
        "regex": "",
        "skipUrlSync": false,
        "sort": 0,
        "type": "query"
      },
      {
        "allValue": ".*",
        "current": {
          "selected": false,
          "text": "All",
          "value": "$__all"
        },
        "datasource": {
          "type": "prometheus",
          "uid": "${ClusterName}"
        },
        "definition": "label_values(node_uname_info{job=\"$job\"}, instance)",
        "hide": 2,
        "includeAll": true,
        "label": "Host:",
        "multi": false,
        "name": "node",
        "options": [],
        "query": {
          "query": "label_values(node_uname_info{job=\"$job\"}, instance)",
          "refId": "StandardVariableQuery"
        },
        "refresh": 1,
        "regex": "",
        "skipUrlSync": false,
        "sort": 2,
        "type": "query"
      },
      {
        "description": "WildCard",
        "hide": 2,
        "label": "WildCard",
        "name": "allnodes",
        "query": ".*",
        "skipUrlSync": false,
        "type": "constant"
      },
      {
        "current": {
          "selected": false,
          "text": "^docker.*$|^lo$",
          "value": "^docker.*$|^lo$"
        },
        "hide": 2,
        "includeAll": false,
        "label": "Exclude_Device",
        "multi": false,
        "name": "excl_net",
        "options": [
          {
            "selected": true,
            "text": "^docker.*$|^lo$",
            "value": "^docker.*$|^lo$"
          }
        ],
        "query": "^docker.*$|^lo$",
        "skipUrlSync": false,
        "type": "custom"
      }
    ]
  },
  "time": {
    "from": "now-24h",
    "to": "now"
  },
  "timepicker": {},
  "timezone": "utc",
  "title": "HCP for Cloud Scale - Dashboard 7: Encryption Activity",
  "uid": "hcpcsdashboard7",
  "version": 1,
  "weekStart": ""
}